date,symbol,open,high,low,close,volume
2005-04-01,ITC,29.5,30.2,29.22,29.89,20670000.0
2005-04-04,ITC,30.08,30.54,29.39,29.82,17080000.0
2005-04-05,ITC,30.16,30.38,29.79,29.85,14110000.0
2005-04-06,ITC,29.92,30.43,29.83,30.29,9820000.0
2005-04-07,ITC,30.38,30.88,30.19,30.39,22890000.0
2005-04-08,ITC,30.5,31.16,30.16,30.94,28010000.0
2005-04-11,ITC,31.05,31.12,30.61,30.9,7150000.0
2005-04-12,ITC,30.89,31.27,30.72,31.03,7990000.0
2005-04-13,ITC,31.15,31.58,30.96,31.32,15300000.0
2005-04-15,ITC,31.23,31.31,30.15,30.43,10450000.0
2005-04-18,ITC,30.14,31.05,29.83,30.48,8790000.0
2005-04-19,ITC,30.93,30.93,30.23,30.39,7580000.0
2005-04-20,ITC,30.39,31.2,30.16,30.33,20990000.0
2005-04-21,ITC,30.33,30.94,30.05,30.92,7770000.0
2005-04-22,ITC,31.05,31.18,30.65,30.8,5030000.0
2005-04-25,ITC,30.96,31.05,30.5,30.6,3920000.0
2005-04-26,ITC,30.7,30.83,30.35,30.52,5280000.0
2005-04-27,ITC,30.66,31.58,30.34,30.98,23640000.0
2005-04-28,ITC,31.07,32.57,30.94,32.05,35930000.0
2005-04-29,ITC,32.04,32.04,31.22,31.77,20410000.0
2005-05-02,ITC,31.82,31.93,30.94,31.14,11520000.0
2005-05-03,ITC,29.88,31.52,29.88,31.24,6540000.0
2005-05-04,ITC,31.34,31.89,31.08,31.52,9470000.0
2005-05-05,ITC,30.94,31.66,30.94,31.3,10320000.0
2005-05-06,ITC,32.64,32.64,31.07,31.84,13700000.0
2005-05-09,ITC,31.6,32.86,31.6,32.77,12890000.0
2005-05-10,ITC,32.77,32.77,32.31,32.53,8039999.999999999
2005-05-11,ITC,31.82,32.77,31.82,32.62,12430000.0
2005-05-12,ITC,32.82,32.9,32.23,32.42,15740000.0
2005-05-13,ITC,32.57,32.81,32.22,32.71,13750000.0
2005-05-16,ITC,32.6,33.08,32.49,32.87,17620000.0
2005-05-17,ITC,32.27,32.99,32.27,32.68,16190000.000000002
2005-05-18,ITC,32.57,33.03,32.31,32.83,29410000.0
2005-05-19,ITC,32.82,33.69,32.73,33.12,20560000.0
2005-05-20,ITC,32.71,33.32,32.71,33.1,17850000.0
2005-05-23,ITC,32.79,33.1,32.79,32.97,8310000.000000001
2005-05-24,ITC,32.88,33.55,32.82,33.2,15770000.0
2005-05-25,ITC,33.11,33.68,33.11,33.5,10770000.0
2005-05-26,ITC,33.55,33.96,33.19,33.85,28260000.0
2005-05-27,ITC,33.9,35.68,33.81,34.71,61280000.0
2005-05-30,ITC,34.69,35.16,34.28,34.42,29100000.0
2005-05-31,ITC,34.47,35.36,34.47,35.34,32470000.0
2005-06-01,ITC,35.36,35.53,34.92,35.17,16460000.0
2005-06-02,ITC,35.17,35.51,34.41,34.49,18650000.0
2005-06-03,ITC,34.65,35.14,34.26,34.97,16930000.0
2005-06-04,ITC,34.76,35.2,34.76,34.95,3550000.0
2005-06-06,ITC,35.16,35.18,34.85,34.95,6170000.0
2005-06-07,ITC,35.11,35.11,34.19,34.26,18230000.0
2005-06-08,ITC,34.58,35.03,34.52,34.94,16280000.000000002
2005-06-09,ITC,34.94,35.14,34.74,34.82,14960000.0
2005-06-10,ITC,34.81,35.07,34.42,34.53,9200000.0
2005-06-13,ITC,34.65,34.83,34.52,34.74,8650000.0
2005-06-14,ITC,34.69,34.86,34.39,34.71,10930000.0
2005-06-15,ITC,34.81,35.03,34.48,34.57,14610000.0
2005-06-16,ITC,34.69,34.85,34.14,34.24,16190000.000000002
2005-06-17,ITC,34.47,34.78,33.7,34.17,38640000.0
2005-06-20,ITC,34.56,34.67,33.88,33.93,16260000.000000002
2005-06-21,ITC,33.99,34.34,33.94,34.05,8240000.0
2005-06-22,ITC,34.14,34.89,34.06,34.8,19560000.0
2005-06-23,ITC,34.92,35.11,34.54,34.77,13370000.0
2005-06-24,ITC,34.39,35.58,34.39,35.42,19360000.0
2005-06-27,ITC,35.49,36.83,35.45,36.17,42560000.0
2005-06-28,ITC,36.24,36.35,34.92,35.19,26580000.0
2005-06-29,ITC,35.14,35.87,35.03,35.68,13110000.0
2005-06-30,ITC,35.69,37.11,35.69,36.73,24580000.0
2005-07-01,ITC,36.46,37.3,36.13,36.92,9360000.0
2005-07-04,ITC,37.02,37.32,36.57,37.2,9590000.0
2005-07-05,ITC,37.23,37.78,36.9,36.98,17550000.0
2005-07-06,ITC,36.97,37.23,36.93,37.04,8500000.0
2005-07-07,ITC,37.04,37.65,36.8,37.14,20130000.0
2005-07-08,ITC,37.25,37.63,36.57,37.52,15420000.0
2005-07-11,ITC,37.57,37.9,37.45,37.69,7080000.0
2005-07-12,ITC,37.74,39.2,37.46,38.54,18270000.0
2005-07-13,ITC,38.67,38.85,38.1,38.21,10090000.0
2005-07-14,ITC,38.19,39.64,38.12,39.0,27980000.0
2005-07-15,ITC,39.0,39.27,38.56,39.06,17590000.0
2005-07-18,ITC,38.67,38.78,38.23,38.42,14670000.0
2005-07-19,ITC,38.74,38.74,37.24,37.54,22450000.0
2005-07-20,ITC,37.59,37.89,36.84,36.98,20400000.0
2005-07-21,ITC,37.13,37.3,36.04,36.14,23490000.0
2005-07-22,ITC,36.46,36.79,36.04,36.33,35280000.0
2005-07-25,ITC,36.64,36.99,36.44,36.81,15140000.0
2005-07-26,ITC,36.9,37.7,36.9,37.43,19790000.0
2005-07-27,ITC,37.61,37.61,36.95,37.4,7810000.0
2005-07-29,ITC,37.26,37.57,36.69,37.19,34390000.0
2005-08-01,ITC,37.35,37.35,36.6,36.75,7130000.0
2005-08-02,ITC,36.79,37.08,36.57,36.93,18200000.0
2005-08-03,ITC,37.57,38.56,37.19,37.98,34390000.0
2005-08-04,ITC,38.56,39.11,37.96,38.36,12690000.0
2005-08-05,ITC,38.36,38.71,38.03,38.45,13550000.0
2005-08-08,ITC,38.71,38.78,37.97,38.09,16620000.000000002
2005-08-09,ITC,38.23,38.43,37.35,37.57,12340000.0
2005-08-10,ITC,38.43,38.49,37.57,38.38,9060000.0
2005-08-11,ITC,37.82,38.57,37.82,38.15,12610000.0
2005-08-12,ITC,38.23,38.23,37.13,37.4,41910000.0
2005-08-16,ITC,37.35,37.99,37.33,37.58,16880000.0
2005-08-17,ITC,37.63,37.98,37.59,37.79,6470000.0
2005-08-18,ITC,37.9,38.12,37.37,37.45,11340000.0
2005-08-19,ITC,37.37,37.57,37.13,37.22,9670000.0
2005-08-22,ITC,38.2,38.2,37.19,37.35,10520000.0
2005-08-23,ITC,38.2,38.2,37.35,37.42,8130000.000000001
2005-08-24,ITC,37.79,37.79,37.2,37.5,8039999.999999999
2005-08-25,ITC,37.61,37.94,37.32,37.75,7360000.0
2005-08-26,ITC,37.79,38.12,37.74,37.93,7210000.0
2005-08-29,ITC,38.01,38.19,37.35,37.62,6600000.0
2005-08-30,ITC,37.88,38.34,37.66,37.77,15050000.0
2005-08-31,ITC,37.85,38.34,37.7,38.27,9630000.0
2005-09-01,ITC,38.34,38.67,38.1,38.27,9090000.0
2005-09-02,ITC,38.4,38.54,38.02,38.28,8000000.0
2005-09-05,ITC,38.54,39.78,38.36,39.61,22630000.0
2005-09-06,ITC,39.77,40.53,39.77,40.38,16000000.0
2005-09-08,ITC,40.53,40.66,40.11,40.21,16930000.0
2005-09-09,ITC,40.55,40.66,40.11,40.43,9600000.0
2005-09-12,ITC,40.66,41.57,40.44,41.32,17110000.0
2005-09-13,ITC,41.57,41.99,41.43,41.89,16570000.0
2005-09-14,ITC,41.92,41.92,40.82,41.03,26670000.0
2005-09-15,ITC,41.32,41.68,41.2,41.55,14260000.0
2005-09-16,ITC,41.68,41.96,41.21,41.5,16890000.0
2005-09-19,ITC,41.66,43.0,41.55,42.87,32380000.000000004
2005-09-20,ITC,43.0,43.42,42.35,42.64,47270000.0
2005-09-21,ITC,46.34,47.04,42.89,46.47,70540000.0
2005-09-22,ITC,46.71,49.22,45.0,45.3,73760000.0
2005-09-23,ITC,46.41,47.1,45.25,45.59,36360000.0
2005-09-26,ITC,46.08,47.57,45.74,47.45,34760000.0
2005-09-27,ITC,47.93,47.93,46.24,47.0,29210000.0
2005-09-28,ITC,46.44,47.3,46.16,46.64,21480000.0
2005-09-29,ITC,46.9,47.24,45.74,45.88,22850000.0
2005-09-30,ITC,45.74,46.27,44.47,45.33,25870000.0
2005-10-03,ITC,45.16,45.81,44.14,45.38,16300000.0
2005-10-04,ITC,45.45,45.64,45.25,45.4,13690000.0
2005-10-05,ITC,45.58,45.58,43.42,43.59,47150000.0
2005-10-06,ITC,43.67,43.72,42.18,42.33,49090000.0
2005-10-07,ITC,43.39,43.39,41.45,41.9,42740000.0
2005-10-10,ITC,42.1,43.14,41.9,42.69,32520000.000000004
2005-10-11,ITC,42.93,42.99,42.06,42.31,22230000.0
2005-10-13,ITC,42.36,43.52,42.13,42.55,27510000.0
2005-10-14,ITC,42.69,42.84,41.43,41.5,27810000.0
2005-10-17,ITC,42.1,42.1,40.69,41.12,20520000.0
2005-10-18,ITC,41.4,41.97,40.95,41.29,20630000.0
2005-10-19,ITC,40.97,41.1,39.78,39.86,24620000.0
2005-10-20,ITC,43.59,44.25,37.99,38.62,44740000.0
2005-10-21,ITC,38.12,40.41,38.12,40.21,35640000.0
2005-10-24,ITC,40.41,40.76,38.68,38.83,27440000.0
2005-10-25,ITC,39.43,40.08,38.97,39.16,22940000.0
2005-10-26,ITC,39.11,39.48,38.29,38.6,27710000.0
2005-10-27,ITC,38.78,39.28,38.12,38.35,38230000.0
2005-10-28,ITC,38.45,38.52,37.92,38.27,30190000.0
2005-10-31,ITC,38.39,40.09,38.39,39.84,21560000.0
2005-11-01,ITC,40.57,41.27,39.98,40.22,9790000.0
2005-11-02,ITC,40.27,41.62,39.78,41.5,37960000.0
2005-11-07,ITC,40.27,42.01,40.27,41.82,19380000.0
2005-11-08,ITC,42.01,42.26,41.43,41.98,17500000.0
2005-11-09,ITC,42.16,42.86,41.1,42.68,33400000.0
2005-11-10,ITC,42.79,42.79,42.16,42.3,14850000.0
2005-11-11,ITC,42.5,43.39,42.43,43.13,25240000.0
2005-11-14,ITC,43.39,43.71,42.2,42.53,25020000.0
2005-11-16,ITC,42.53,43.56,42.53,43.27,23020000.0
2005-11-17,ITC,43.36,43.57,42.81,43.16,16850000.0
2005-11-18,ITC,43.29,43.59,43.11,43.36,12880000.0
2005-11-21,ITC,43.42,43.42,41.82,42.01,27840000.0
2005-11-22,ITC,42.56,43.03,41.35,41.47,24840000.0
2005-11-23,ITC,41.43,43.08,41.43,42.89,23620000.0
2005-11-24,ITC,42.93,45.31,42.93,44.73,57650000.0
2005-11-25,ITC,44.78,45.81,44.27,45.31,39350000.0
2005-11-26,ITC,45.41,45.71,45.01,45.15,7290000.0
2005-11-28,ITC,45.41,46.46,45.41,46.16,44290000.0
2005-11-29,ITC,46.14,46.24,45.11,45.38,23510000.0
2005-11-30,ITC,45.41,45.91,44.42,44.58,17620000.0
2005-12-01,ITC,44.75,45.23,43.94,45.01,15990000.0
2005-12-02,ITC,45.23,46.04,45.23,45.58,17060000.0
2005-12-05,ITC,45.58,45.88,44.37,44.48,26700000.0
2005-12-06,ITC,44.68,44.92,43.92,44.27,16110000.0
2005-12-07,ITC,44.42,45.55,44.34,44.93,25720000.0
2005-12-08,ITC,45.18,45.2,44.52,44.85,13840000.0
2005-12-09,ITC,44.92,45.63,44.75,45.36,19520000.0
2005-12-12,ITC,45.63,46.41,45.59,45.89,29670000.0
2005-12-13,ITC,45.91,47.12,45.74,46.97,38490000.0
2005-12-14,ITC,47.19,48.03,46.49,47.77,42610000.0
2005-12-15,ITC,47.9,48.06,45.71,46.52,21220000.0
2005-12-16,ITC,46.87,47.04,46.11,46.77,15660000.0
2005-12-19,ITC,46.9,48.2,46.9,48.0,16329999.999999998
2005-12-20,ITC,48.23,48.4,47.0,47.55,15950000.0
2005-12-21,ITC,47.57,47.92,46.54,46.95,18820000.0
2005-12-22,ITC,47.07,47.6,46.74,47.09,17240000.0
2005-12-23,ITC,47.24,47.37,45.99,46.19,17940000.0
2005-12-26,ITC,46.17,46.41,45.15,45.59,16710000.0
2005-12-27,ITC,45.74,47.05,45.23,46.8,13280000.0
2005-12-28,ITC,46.9,47.15,45.63,45.89,23410000.0
2005-12-29,ITC,46.08,46.56,45.98,46.21,15830000.0
2005-12-30,ITC,46.41,47.34,46.11,47.1,17540000.0
2006-01-02,ITC,47.07,47.32,43.76,46.44,11170000.0
2006-01-03,ITC,46.72,47.82,46.51,47.43,18790000.0
2006-01-04,ITC,47.73,49.29,47.73,48.71,37530000.0
2006-01-05,ITC,48.74,49.29,47.9,48.2,13950000.0
2006-01-06,ITC,48.4,48.48,47.04,48.21,28730000.0
2006-01-09,ITC,48.48,48.73,47.53,48.18,19450000.0
2006-01-10,ITC,48.3,48.56,47.24,47.35,15090000.0
2006-01-12,ITC,47.4,48.4,46.49,47.93,15570000.0
2006-01-13,ITC,48.06,48.64,47.62,48.23,24600000.0
2006-01-16,ITC,48.06,48.4,47.57,47.8,11420000.0
2006-01-17,ITC,47.8,48.1,47.07,47.22,8940000.0
2006-01-18,ITC,47.07,47.2,45.1,46.85,11150000.0
2006-01-19,ITC,47.07,47.82,46.95,47.43,12110000.0
2006-01-20,ITC,47.82,48.89,47.67,48.74,18280000.0
2006-01-23,ITC,48.71,50.55,48.23,50.35,33910000.0
2006-01-24,ITC,50.55,52.64,50.25,51.28,27160000.0
2006-01-25,ITC,51.43,52.44,50.63,52.29,24110000.0
2006-01-27,ITC,52.29,52.64,51.28,51.53,19400000.0
2006-01-30,ITC,51.53,52.17,50.33,51.46,13980000.0
2006-01-31,ITC,51.71,51.93,51.06,51.31,7830000.0
2006-02-01,ITC,51.38,51.83,50.88,51.4,16920000.0
2006-02-02,ITC,51.38,51.98,51.21,51.61,18470000.0
2006-02-03,ITC,51.53,51.61,50.35,50.53,11060000.0
2006-02-06,ITC,50.53,52.11,50.04,51.94,19480000.0
2006-02-07,ITC,52.21,53.7,51.94,53.33,22130000.0
2006-02-08,ITC,53.37,53.52,51.98,52.77,12170000.0
2006-02-10,ITC,52.79,54.38,52.79,54.06,17750000.0
2006-02-13,ITC,54.03,54.64,51.41,54.03,10450000.0
2006-02-14,ITC,54.03,54.59,53.38,54.21,16260000.000000002
2006-02-15,ITC,54.4,56.91,54.4,56.63,42830000.0
2006-02-16,ITC,56.72,57.18,54.91,55.12,20450000.0
2006-02-17,ITC,55.69,55.69,53.4,53.63,22150000.0
2006-02-20,ITC,53.53,54.13,52.24,53.98,24410000.0
2006-02-21,ITC,54.11,54.98,54.03,54.45,14780000.0
2006-02-22,ITC,54.36,54.61,53.8,54.23,12290000.0
2006-02-23,ITC,54.36,55.69,54.23,55.03,20080000.0
2006-02-24,ITC,55.03,55.03,53.78,54.2,14220000.0
2006-02-27,ITC,54.64,55.52,54.21,55.06,11110000.0
2006-02-28,ITC,55.52,58.22,53.91,57.16,58410000.0
2006-03-01,ITC,57.18,58.31,57.06,57.63,25380000.0
2006-03-02,ITC,57.68,59.62,57.68,58.57,29370000.0
2006-03-03,ITC,58.34,59.14,57.36,57.76,17920000.0
2006-03-06,ITC,58.64,59.63,57.69,59.14,23820000.0
2006-03-07,ITC,59.33,59.96,58.42,58.95,31960000.0
2006-03-08,ITC,59.17,59.3,57.18,57.63,24120000.0
2006-03-09,ITC,57.63,58.17,56.05,57.4,20500000.0
2006-03-10,ITC,57.98,59.5,57.68,59.0,13850000.0
2006-03-13,ITC,59.0,59.68,57.88,58.04,25380000.0
2006-03-14,ITC,58.61,59.33,58.03,58.31,15070000.0
2006-03-16,ITC,58.41,58.67,56.8,57.54,27910000.0
2006-03-17,ITC,58.01,59.3,57.84,58.19,20580000.0
2006-03-20,ITC,58.12,59.0,58.12,58.74,12390000.0
2006-03-21,ITC,59.0,59.91,58.74,59.19,19630000.0
2006-03-22,ITC,59.0,59.3,58.22,58.64,9280000.0
2006-03-23,ITC,58.99,59.75,58.69,59.3,11880000.0
2006-03-24,ITC,58.37,61.82,57.53,61.51,36130000.0
2006-03-27,ITC,61.65,64.27,61.09,63.96,26280000.0
2006-03-28,ITC,63.31,65.63,62.75,63.98,19140000.0
2006-03-29,ITC,64.94,65.65,63.56,64.04,25510000.0
2006-03-30,ITC,64.77,67.79,64.51,66.49,28540000.0
2006-03-31,ITC,66.79,66.79,64.31,64.69,15810000.0
2006-04-03,ITC,64.85,66.23,64.64,66.05,11850000.0
2006-04-04,ITC,65.96,67.92,65.63,67.64,21310000.0
2006-04-05,ITC,67.79,68.43,67.56,68.28,11490000.0
2006-04-07,ITC,67.62,69.11,63.31,66.18,34660000.0
2006-04-10,ITC,66.96,67.26,65.15,66.0,21980000.0
2006-04-12,ITC,66.0,66.93,63.3,63.71,33580000.0
2006-04-13,ITC,63.64,64.8,60.33,62.6,37420000.0
2006-04-17,ITC,62.67,64.14,62.67,63.96,13350000.0
2006-04-18,ITC,64.14,66.13,64.14,65.57,14240000.0
2006-04-19,ITC,65.63,66.96,64.84,65.75,16370000.000000002
2006-04-20,ITC,65.8,66.96,65.09,66.49,18620000.0
2006-04-21,ITC,66.96,67.62,65.33,66.43,23170000.0
2006-04-24,ITC,66.33,67.75,66.23,67.46,22030000.0
2006-04-25,ITC,67.46,67.62,65.14,65.4,16030000.000000002
2006-04-26,ITC,65.63,67.11,64.8,66.81,21120000.0
2006-04-27,ITC,67.11,68.62,66.49,67.22,35900000.0
2006-04-28,ITC,65.32,67.09,63.06,66.59,16730000.0
2006-04-29,ITC,67.09,68.09,67.06,67.54,5090000.0
2006-05-02,ITC,67.79,69.56,67.62,68.78,24940000.0
2006-05-03,ITC,68.95,70.44,68.95,69.25,19860000.0
2006-05-04,ITC,69.28,70.24,68.8,69.41,20960000.0
2006-05-05,ITC,69.89,70.24,68.81,69.1,9190000.0
2006-05-08,ITC,69.81,69.81,68.47,68.88,9000000.0
2006-05-09,ITC,68.93,69.28,67.54,68.4,15390000.0
2006-05-10,ITC,68.62,68.95,67.74,67.97,7520000.0
2006-05-11,ITC,68.25,69.44,67.29,67.54,15360000.0
2006-05-12,ITC,67.29,67.42,65.63,66.79,12250000.0
2006-05-15,ITC,66.59,66.59,62.32,63.31,21500000.0
2006-05-16,ITC,63.98,65.47,61.32,64.57,28360000.0
2006-05-17,ITC,65.3,67.95,64.97,67.72,28480000.0
2006-05-18,ITC,68.28,68.28,62.68,63.36,28760000.0
2006-05-19,ITC,63.68,65.91,58.85,59.63,26210000.0
2006-05-22,ITC,60.33,61.99,48.06,56.87,33860000.0
2006-05-23,ITC,57.35,59.91,54.03,59.0,33750000.0
2006-05-24,ITC,59.37,61.44,56.68,57.71,41960000.0
2006-05-25,ITC,57.35,61.31,55.36,60.13,27730000.0
2006-05-26,ITC,60.99,62.98,59.28,60.73,30220000.0
2006-05-29,ITC,60.99,61.64,58.37,58.99,23860000.0
2006-05-30,ITC,59.33,60.33,57.91,58.51,19660000.0
2006-05-31,ITC,57.68,57.68,53.3,54.83,46990000.0
2006-06-01,ITC,55.69,56.68,52.67,53.09,40700000.0
2006-06-02,ITC,53.37,54.93,51.93,54.5,31770000.0
2006-06-05,ITC,56.32,56.32,52.39,53.05,31930000.0
2006-06-06,ITC,49.72,52.85,48.4,50.57,45720000.0
2006-06-07,ITC,49.72,51.46,48.73,50.32,33320000.0
2006-06-08,ITC,50.05,50.55,46.57,48.94,44520000.0
2006-06-09,ITC,49.06,53.6,49.06,53.2,34320000.0
2006-06-12,ITC,53.37,53.37,50.72,51.18,21760000.0
2006-06-13,ITC,50.72,50.72,48.13,48.48,30490000.0
2006-06-14,ITC,49.09,51.05,47.78,48.84,30850000.0
2006-06-15,ITC,49.39,52.37,49.39,51.58,26200000.0
2006-06-16,ITC,53.04,55.59,52.37,54.1,41020000.0
2006-06-19,ITC,53.38,55.03,53.1,54.54,18440000.0
2006-06-20,ITC,53.7,54.86,52.46,53.58,21250000.0
2006-06-21,ITC,53.37,56.55,53.04,55.94,24710000.0
2006-06-22,ITC,56.02,57.88,56.02,56.63,15740000.0
2006-06-23,ITC,56.02,57.01,54.86,56.62,16280000.000000002
2006-06-25,ITC,57.49,57.68,56.7,56.93,1590000.0
2006-06-26,ITC,57.33,57.33,54.56,55.12,12850000.0
2006-06-27,ITC,55.36,58.59,54.69,58.32,32759999.999999996
2006-06-28,ITC,57.51,59.17,56.55,58.69,25240000.0
2006-06-29,ITC,59.0,59.67,57.68,58.27,27030000.0
2006-06-30,ITC,56.43,60.99,56.43,60.46,24460000.0
2006-07-03,ITC,60.66,61.95,60.21,61.32,16920000.0
2006-07-04,ITC,61.32,61.94,59.09,59.3,22800000.0
2006-07-05,ITC,59.33,61.32,58.74,61.21,23110000.0
2006-07-06,ITC,60.66,60.99,59.73,60.18,9140000.0
2006-07-07,ITC,60.83,61.14,57.68,58.04,15880000.0
2006-07-10,ITC,58.01,58.31,56.82,58.04,14260000.0
2006-07-11,ITC,58.31,58.61,57.68,58.34,9700000.0
2006-07-12,ITC,57.68,60.46,57.01,60.15,23600000.0
2006-07-13,ITC,60.3,60.76,59.38,60.05,23920000.0
2006-07-14,ITC,59.67,59.67,58.17,58.52,13330000.0
2006-07-17,ITC,58.01,58.51,56.75,57.05,10230000.0
2006-07-18,ITC,58.01,58.01,55.52,56.24,13810000.0
2006-07-19,ITC,57.16,57.68,55.14,55.52,15780000.0
2006-07-20,ITC,56.35,58.34,56.35,58.03,15500000.0
2006-07-21,ITC,58.67,58.67,55.19,55.46,27700000.0
2006-07-24,ITC,55.42,55.42,53.45,54.48,22320000.0
2006-07-25,ITC,56.02,58.01,54.03,54.4,28030000.0
2006-07-26,ITC,54.36,56.0,54.36,55.69,25180000.0
2006-07-27,ITC,55.69,56.6,54.1,55.34,42760000.0
2006-07-28,ITC,55.85,56.32,54.4,54.54,18450000.0
2006-07-31,ITC,55.03,56.02,55.03,55.49,12610000.0
2006-08-01,ITC,55.59,56.35,54.93,56.1,12790000.0
2006-08-02,ITC,56.19,57.63,55.66,57.48,14940000.0
2006-08-03,ITC,57.64,58.31,56.57,57.0,17170000.0
2006-08-04,ITC,57.35,57.56,55.61,55.75,16640000.0
2006-08-07,ITC,55.75,56.15,55.31,55.82,10230000.0
2006-08-08,ITC,55.99,57.28,55.82,57.1,9440000.0
2006-08-09,ITC,57.23,59.47,56.52,59.27,17540000.0
2006-08-10,ITC,59.63,59.63,58.01,58.44,16000000.0
2006-08-11,ITC,58.34,59.3,57.68,58.09,6830000.0
2006-08-14,ITC,58.57,59.5,58.49,59.19,8760000.0
2006-08-16,ITC,59.73,60.43,59.7,59.96,13430000.0
2006-08-17,ITC,60.0,60.59,59.24,60.03,11870000.0
2006-08-18,ITC,60.1,60.63,59.33,59.58,7850000.0
2006-08-21,ITC,59.78,60.3,58.67,59.91,9930000.0
2006-08-22,ITC,60.0,60.76,60.0,60.3,6830000.0
2006-08-23,ITC,60.0,60.33,59.09,59.27,7610000.0
2006-08-24,ITC,58.7,59.82,58.17,59.68,7510000.0
2006-08-25,ITC,59.83,60.4,59.37,59.72,9210000.0
2006-08-28,ITC,59.67,60.3,59.5,59.7,8930000.0
2006-08-29,ITC,59.67,61.39,59.67,61.21,17500000.0
2006-08-30,ITC,61.32,62.28,60.56,62.1,14580000.0
2006-08-31,ITC,62.62,63.84,62.12,63.48,38690000.0
2006-09-01,ITC,63.18,63.98,62.58,62.83,16940000.0
2006-09-04,ITC,63.23,63.78,62.68,63.03,8100000.0
2006-09-05,ITC,63.4,63.4,62.0,62.22,10630000.0
2006-09-06,ITC,62.48,63.38,62.02,62.68,13450000.0
2006-09-07,ITC,62.32,62.52,61.37,61.64,8820000.0
2006-09-08,ITC,61.99,62.65,61.17,62.3,16590000.0
2006-09-11,ITC,62.91,62.98,59.9,60.36,16050000.0
2006-09-12,ITC,60.3,60.63,58.34,60.21,16520000.0
2006-09-13,ITC,60.66,61.44,60.33,60.61,15810000.0
2006-09-14,ITC,60.33,61.29,60.33,60.69,7610000.0
2006-09-15,ITC,60.66,60.86,60.08,60.48,9840000.0
2006-09-18,ITC,61.62,62.32,60.71,62.07,15510000.0
2006-09-19,ITC,62.32,62.78,60.66,61.03,10020000.0
2006-09-20,ITC,61.06,62.32,60.03,62.09,12820000.0
2006-09-21,ITC,62.48,63.31,62.32,63.2,12420000.0
2006-09-22,ITC,63.63,63.63,62.0,62.32,14340000.0
2006-09-25,ITC,62.32,62.65,61.01,61.14,14010000.0
2006-09-26,ITC,61.49,61.49,59.95,60.91,30480000.0
2006-09-27,ITC,61.24,62.27,61.24,61.54,14910000.0
2006-09-28,ITC,61.65,61.79,60.69,61.09,11230000.0
2006-09-29,ITC,61.52,62.45,61.14,62.22,11340000.0
2006-10-03,ITC,61.65,62.96,61.37,62.27,8220000.000000001
2006-10-04,ITC,62.32,62.38,60.91,61.34,12190000.0
2006-10-05,ITC,61.39,62.32,61.39,62.05,7210000.0
2006-10-06,ITC,62.43,62.43,61.07,61.17,12590000.0
2006-10-09,ITC,61.32,61.89,60.66,61.24,7990000.0
2006-10-10,ITC,61.65,61.65,61.04,61.36,8260000.0
2006-10-11,ITC,61.32,61.97,60.99,61.49,13570000.0
2006-10-12,ITC,61.72,61.89,60.69,61.67,10540000.0
2006-10-13,ITC,62.32,63.15,61.74,62.57,14730000.0
2006-10-16,ITC,63.31,64.7,62.86,64.52,22960000.0
2006-10-17,ITC,65.2,65.2,63.79,64.22,10440000.0
2006-10-18,ITC,64.31,64.8,63.61,64.51,11870000.0
2006-10-19,ITC,64.51,64.84,62.63,63.2,12030000.0
2006-10-20,ITC,62.98,63.98,61.26,61.77,13110000.0
2006-10-21,ITC,63.35,64.37,61.99,62.53,2540000.0
2006-10-23,ITC,62.68,62.68,61.09,61.31,6600000.0
2006-10-26,ITC,61.65,61.89,60.33,61.03,27000000.0
2006-10-27,ITC,61.8,62.43,61.32,62.22,10650000.0
2006-10-30,ITC,62.65,62.98,61.82,62.14,11030000.0
2006-10-31,ITC,62.32,63.33,62.19,62.98,12880000.0
2006-11-01,ITC,63.31,63.64,62.95,63.25,8400000.0
2006-11-02,ITC,63.06,63.38,62.32,62.48,6030000.0
2006-11-03,ITC,62.65,62.72,61.74,62.1,7870000.0
2006-11-06,ITC,62.25,63.56,61.61,63.4,15080000.0
2006-11-07,ITC,63.64,63.91,62.35,62.62,10500000.0
2006-11-08,ITC,62.8,62.88,61.12,61.47,14780000.0
2006-11-09,ITC,61.99,62.27,61.46,62.0,10500000.0
2006-11-10,ITC,62.65,62.65,61.41,61.65,6610000.0
2006-11-13,ITC,61.99,62.77,61.41,61.49,11180000.0
2006-11-14,ITC,61.9,61.97,60.89,61.03,11190000.0
2006-11-15,ITC,61.65,61.85,60.86,61.57,9120000.0
2006-11-16,ITC,61.39,61.99,61.07,61.47,10700000.0
2006-11-17,ITC,61.69,61.79,60.03,60.25,12320000.0
2006-11-20,ITC,59.7,61.22,57.68,59.09,31450000.0
2006-11-21,ITC,59.8,61.24,59.33,60.94,12180000.0
2006-11-22,ITC,61.32,61.79,59.83,60.11,16110000.0
2006-11-23,ITC,60.33,60.79,59.27,59.4,11910000.0
2006-11-24,ITC,59.4,60.46,59.17,59.53,8220000.000000001
2006-11-27,ITC,59.67,60.26,59.53,59.96,11500000.0
2006-11-28,ITC,59.67,59.75,59.04,59.53,7770000.0
2006-11-29,ITC,59.58,61.32,59.57,61.06,8990000.0
2006-11-30,ITC,61.32,61.99,60.45,61.36,11490000.0
2006-12-01,ITC,61.65,62.32,61.06,62.24,13090000.0
2006-12-04,ITC,62.32,62.98,61.36,62.77,11210000.0
2006-12-05,ITC,62.98,63.63,62.65,63.1,18250000.0
2006-12-06,ITC,63.1,63.63,61.84,62.42,9380000.0
2006-12-07,ITC,62.32,62.73,61.65,61.92,4179999.9999999995
2006-12-08,ITC,61.95,61.99,60.91,61.36,6890000.0
2006-12-11,ITC,61.36,61.41,59.02,59.65,11270000.0
2006-12-12,ITC,59.53,59.98,55.19,57.48,17180000.0
2006-12-13,ITC,59.67,59.67,56.35,57.49,12920000.0
2006-12-14,ITC,58.01,59.07,57.41,58.61,6940000.0
2006-12-15,ITC,59.0,59.47,57.43,57.89,18920000.0
2006-12-18,ITC,58.47,58.47,56.75,57.69,14530000.0
2006-12-19,ITC,57.61,57.94,55.36,55.82,16320000.0
2006-12-20,ITC,56.02,58.67,56.02,56.48,27400000.0
2006-12-21,ITC,57.48,57.48,55.74,56.6,9850000.0
2006-12-22,ITC,56.77,56.98,56.02,56.22,11250000.0
2006-12-26,ITC,57.28,58.01,56.45,57.86,10640000.0
2006-12-27,ITC,58.01,58.87,57.88,58.66,7060000.0
2006-12-28,ITC,58.67,59.4,58.09,58.97,10520000.0
2006-12-29,ITC,59.15,59.25,57.93,58.37,8680000.0
2007-01-02,ITC,58.51,59.09,58.24,58.67,6660000.0
2007-01-03,ITC,58.67,58.9,57.88,58.16,7400000.0
2007-01-04,ITC,58.42,58.9,55.72,56.0,21550000.0
2007-01-05,ITC,56.35,56.68,54.69,54.79,28290000.0
2007-01-08,ITC,54.86,55.26,53.73,53.93,14030000.0
2007-01-09,ITC,54.36,55.29,53.57,53.72,16980000.0
2007-01-10,ITC,53.7,54.46,53.07,54.08,15930000.0
2007-01-11,ITC,54.28,56.35,53.95,56.09,21220000.0
2007-01-12,ITC,56.62,57.05,55.97,56.72,15250000.0
2007-01-15,ITC,57.61,57.61,56.02,57.01,12360000.0
2007-01-16,ITC,57.51,57.51,56.22,56.9,8300000.000000001
2007-01-17,ITC,56.35,57.31,56.02,56.19,6100000.0
2007-01-18,ITC,56.35,57.35,55.57,57.08,16890000.0
2007-01-19,ITC,56.62,58.57,56.62,58.21,20980000.0
2007-01-22,ITC,58.66,60.0,57.53,59.32,16860000.0
2007-01-23,ITC,59.67,59.67,58.37,58.75,9810000.0
2007-01-24,ITC,58.67,59.33,58.34,59.09,7520000.0
2007-01-25,ITC,59.0,60.0,57.73,58.95,24340000.0
2007-01-29,ITC,58.54,59.6,56.68,56.91,16680000.0
2007-01-31,ITC,57.01,59.17,56.15,57.88,25080000.0
2007-02-01,ITC,57.38,58.84,57.38,57.96,10290000.0
2007-02-02,ITC,58.26,59.33,58.11,58.72,9780000.0
2007-02-05,ITC,58.72,59.0,58.37,58.87,6870000.0
2007-02-06,ITC,58.87,59.45,57.71,58.03,12080000.0
2007-02-07,ITC,58.39,58.57,57.84,58.24,8920000.0
2007-02-08,ITC,58.04,58.82,57.38,58.49,8270000.0
2007-02-09,ITC,58.66,58.75,57.81,58.47,10730000.0
2007-02-12,ITC,58.47,58.57,56.78,58.12,8020000.0
2007-02-13,ITC,57.68,58.67,56.28,57.41,16239999.999999998
2007-02-14,ITC,57.06,58.09,55.85,57.66,7150000.0
2007-02-15,ITC,58.01,58.57,56.73,57.76,11100000.0
2007-02-19,ITC,58.17,58.31,57.46,57.81,8570000.0
2007-02-20,ITC,57.71,58.51,57.71,58.29,8820000.0
2007-02-21,ITC,58.34,58.47,57.38,57.83,9790000.0
2007-02-22,ITC,57.68,58.67,57.01,57.83,15330000.0
2007-02-23,ITC,57.68,57.98,54.84,55.37,27540000.0
2007-02-26,ITC,55.44,57.41,55.32,56.45,24680000.0
2007-02-27,ITC,56.85,57.01,54.51,54.76,13070000.0
2007-02-28,ITC,54.03,59.67,51.41,56.91,63220000.0
2007-03-01,ITC,57.25,58.01,55.99,57.18,26390000.0
2007-03-02,ITC,57.05,57.28,54.73,55.26,31670000.0
2007-03-05,ITC,55.03,55.19,52.12,53.75,25240000.0
2007-03-06,ITC,54.63,54.99,53.27,53.72,14400000.0
2007-03-07,ITC,54.03,54.36,52.29,52.44,17480000.0
2007-03-08,ITC,53.04,53.37,52.04,53.02,23490000.0
2007-03-09,ITC,53.7,54.25,50.55,51.1,34110000.0
2007-03-12,ITC,49.82,51.94,48.73,49.26,51720000.0
2007-03-13,ITC,49.39,50.02,48.43,49.37,32369999.999999996
2007-03-14,ITC,48.43,48.73,43.09,47.37,40130000.0
2007-03-15,ITC,48.06,49.97,48.06,48.83,24060000.0
2007-03-16,ITC,49.36,49.71,47.43,48.08,15730000.0
2007-03-19,ITC,48.23,49.72,46.75,47.07,18640000.0
2007-03-20,ITC,47.9,47.9,46.41,46.69,34810000.0
2007-03-21,ITC,46.74,48.33,46.74,47.93,32470000.0
2007-03-22,ITC,48.36,49.69,48.36,49.51,27040000.0
2007-03-23,ITC,49.39,49.72,47.62,47.78,32590000.000000004
2007-03-26,ITC,48.06,49.36,47.07,47.15,21770000.0
2007-03-28,ITC,47.07,47.73,46.57,47.52,20220000.0
2007-03-29,ITC,47.73,49.22,47.4,48.71,32200000.000000004
2007-03-30,ITC,48.73,50.8,48.11,50.1,35740000.0
2007-04-02,ITC,50.12,50.12,48.41,48.66,16760000.000000002
2007-04-03,ITC,48.73,49.82,48.73,49.56,9190000.0
2007-04-04,ITC,51.28,51.28,48.93,49.17,13420000.0
2007-04-05,ITC,49.11,49.39,48.73,49.13,4820000.0
2007-04-09,ITC,48.83,51.68,48.83,51.48,12620000.0
2007-04-10,ITC,51.58,53.2,51.38,52.99,19170000.0
2007-04-11,ITC,53.33,53.95,52.71,53.2,15040000.0
2007-04-12,ITC,52.77,53.2,51.5,51.79,10600000.0
2007-04-13,ITC,52.27,52.77,50.43,50.87,15980000.0
2007-04-16,ITC,51.38,52.77,51.38,52.54,10640000.0
2007-04-17,ITC,52.67,52.87,51.4,51.73,9280000.0
2007-04-18,ITC,51.89,52.54,51.58,52.01,14290000.0
2007-04-19,ITC,51.73,53.04,51.31,52.74,16010000.000000002
2007-04-20,ITC,53.17,53.75,52.9,53.17,19760000.0
2007-04-23,ITC,53.37,53.77,51.31,51.81,22880000.0
2007-04-24,ITC,51.81,52.24,51.31,51.86,19660000.0
2007-04-25,ITC,51.88,53.87,51.43,53.63,21860000.0
2007-04-26,ITC,54.03,54.36,53.07,53.55,22980000.0
2007-04-27,ITC,53.7,53.7,52.75,53.25,8150000.0
2007-04-30,ITC,53.53,53.7,52.08,53.05,9920000.0
2007-05-03,ITC,53.6,54.0,53.09,53.63,6230000.0
2007-05-04,ITC,54.03,54.03,53.0,53.38,9670000.0
2007-05-07,ITC,53.63,53.93,52.9,53.37,12290000.0
2007-05-08,ITC,53.37,53.63,52.75,53.04,12570000.0
2007-05-09,ITC,53.04,53.65,52.67,53.27,10650000.0
2007-05-10,ITC,54.33,55.41,53.25,54.26,18130000.0
2007-05-11,ITC,54.0,54.01,53.09,53.75,13170000.0
2007-05-14,ITC,54.36,54.83,53.53,53.72,6410000.0
2007-05-15,ITC,53.72,54.36,53.29,53.7,6060000.0
2007-05-16,ITC,53.7,54.33,53.04,54.16,7610000.0
2007-05-17,ITC,54.36,55.12,54.05,54.73,13150000.0
2007-05-18,ITC,54.66,55.69,53.88,55.39,10170000.0
2007-05-21,ITC,55.69,57.01,55.61,56.63,10350000.0
2007-05-22,ITC,56.68,56.98,54.88,56.58,12870000.0
2007-05-23,ITC,56.27,56.68,54.89,55.11,10510000.0
2007-05-24,ITC,55.36,55.42,54.58,55.06,7990000.0
2007-05-25,ITC,54.73,55.9,54.06,55.29,11690000.0
2007-05-28,ITC,55.69,56.19,54.86,55.16,10410000.0
2007-05-29,ITC,56.02,56.02,54.51,54.69,10860000.0
2007-05-30,ITC,54.69,54.69,53.09,53.8,30860000.0
2007-05-31,ITC,54.05,55.16,53.4,54.3,26340000.0
2007-06-01,ITC,53.9,54.69,53.09,53.38,31180000.0
2007-06-04,ITC,54.63,54.96,53.77,54.66,14650000.0
2007-06-05,ITC,54.61,54.61,53.42,53.65,14780000.0
2007-06-06,ITC,54.93,54.93,48.06,52.32,14820000.0
2007-06-07,ITC,52.36,52.66,51.21,51.35,12410000.0
2007-06-08,ITC,51.05,51.35,49.69,49.92,27380000.0
2007-06-11,ITC,50.72,51.68,50.38,51.01,13140000.0
2007-06-12,ITC,51.38,51.5,50.62,51.0,7470000.0
2007-06-13,ITC,51.05,51.05,50.15,50.4,8670000.0
2007-06-14,ITC,50.8,51.18,50.17,50.25,11590000.0
2007-06-15,ITC,50.68,50.88,50.37,50.52,14690000.0
2007-06-18,ITC,50.62,50.96,50.5,50.72,17790000.0
2007-06-19,ITC,50.72,51.05,50.63,50.73,8080000.0
2007-06-20,ITC,50.98,51.59,50.68,51.4,7830000.0
2007-06-21,ITC,51.05,51.46,50.65,51.18,16910000.0
2007-06-22,ITC,50.75,51.28,50.75,51.05,17100000.0
2007-06-25,ITC,51.38,51.38,50.8,51.1,14120000.0
2007-06-26,ITC,50.87,51.54,50.72,51.1,7740000.0
2007-06-27,ITC,51.21,51.21,50.67,50.92,8240000.0
2007-06-28,ITC,51.05,52.19,50.65,51.41,17810000.0
2007-06-29,ITC,52.04,52.08,50.93,51.28,6680000.0
2007-07-02,ITC,51.38,51.45,50.96,51.05,10220000.0
2007-07-03,ITC,51.05,51.96,51.05,51.83,5490000.0
2007-07-04,ITC,51.83,52.52,51.71,52.36,3890000.0
2007-07-05,ITC,52.41,52.52,51.38,51.59,6720000.0
2007-07-06,ITC,48.06,52.51,48.06,51.54,16500000.0
2007-07-09,ITC,51.73,52.17,51.33,51.59,7850000.0
2007-07-10,ITC,51.56,51.56,50.72,50.95,14160000.0
2007-07-11,ITC,50.98,51.05,50.15,50.57,20740000.0
2007-07-12,ITC,50.72,51.31,50.52,50.68,26370000.0
2007-07-13,ITC,50.92,52.19,50.92,51.5,20530000.0
2007-07-16,ITC,51.38,52.19,50.58,51.13,28830000.0
2007-07-17,ITC,51.71,51.88,51.21,51.61,30670000.0
2007-07-18,ITC,51.69,51.83,50.65,51.08,14440000.0
2007-07-19,ITC,51.21,51.38,50.6,51.03,10770000.0
2007-07-20,ITC,51.36,51.38,50.75,51.18,7100000.0
2007-07-23,ITC,50.75,51.21,50.72,50.92,6380000.0
2007-07-24,ITC,51.05,51.28,50.38,50.45,15160000.0
2007-07-25,ITC,50.47,55.36,50.38,54.99,75160000.0
2007-07-26,ITC,55.03,56.19,53.73,55.59,32330000.0
2007-07-27,ITC,55.03,59.63,53.22,57.15,76840000.0
2007-07-30,ITC,58.34,58.34,55.08,55.51,32220000.0
2007-07-31,ITC,55.69,57.99,55.66,56.68,23820000.0
2007-08-01,ITC,56.52,56.68,54.46,55.37,18220000.0
2007-08-02,ITC,55.67,56.25,54.69,55.62,12890000.0
2007-08-03,ITC,55.82,57.25,55.77,56.27,15350000.0
2007-08-06,ITC,54.69,57.51,54.41,57.2,11310000.0
2007-08-07,ITC,57.35,57.99,55.12,55.34,20170000.0
2007-08-08,ITC,57.01,57.35,55.09,55.49,14990000.0
2007-08-09,ITC,56.19,56.65,54.15,54.35,13870000.0
2007-08-10,ITC,54.2,54.58,51.78,54.16,13350000.0
2007-08-13,ITC,54.69,55.01,54.06,54.63,7220000.0
2007-08-14,ITC,55.01,55.21,54.01,54.69,8350000.0
2007-08-16,ITC,53.7,54.03,51.5,52.24,17810000.0
2007-08-17,ITC,52.37,52.87,50.52,50.9,24010000.0
2007-08-20,ITC,52.71,52.71,51.71,51.81,16640000.0
2007-08-21,ITC,52.37,52.37,50.3,50.45,18260000.0
2007-08-22,ITC,51.35,53.24,50.88,52.46,29450000.0
2007-08-23,ITC,53.07,54.36,52.85,53.17,17020000.0
2007-08-24,ITC,52.31,54.2,52.31,53.58,6050000.0
2007-08-27,ITC,54.2,54.86,53.73,54.73,7340000.0
2007-08-28,ITC,54.73,56.42,52.08,55.51,20470000.0
2007-08-29,ITC,54.03,56.32,54.03,55.87,13940000.0
2007-08-30,ITC,55.69,57.33,55.69,56.88,42650000.0
2007-08-31,ITC,57.18,57.18,56.32,56.62,11200000.0
2007-09-03,ITC,56.57,57.88,56.35,57.61,11300000.0
2007-09-04,ITC,57.91,57.91,56.47,57.26,8060000.000000001
2007-09-05,ITC,57.33,57.51,56.52,57.03,6400000.0
2007-09-06,ITC,56.43,58.59,56.43,57.99,7050000.0
2007-09-07,ITC,58.17,59.93,58.06,58.94,19810000.0
2007-09-10,ITC,58.34,61.32,58.09,61.22,24080000.0
2007-09-11,ITC,61.34,62.65,60.54,60.94,20370000.0
2007-09-12,ITC,61.07,61.65,59.2,59.63,8780000.0
2007-09-13,ITC,59.83,60.13,58.99,59.33,11270000.0
2007-09-14,ITC,59.77,61.21,59.57,59.98,14620000.0
2007-09-17,ITC,60.16,60.99,59.45,59.95,8500000.0
2007-09-18,ITC,59.67,60.3,59.4,59.75,5670000.0
2007-09-19,ITC,59.83,62.75,59.83,62.1,25700000.0
2007-09-20,ITC,62.32,64.64,61.99,64.34,27970000.0
2007-09-21,ITC,64.31,64.31,62.05,63.28,18210000.0
2007-09-24,ITC,62.32,63.94,61.95,62.2,12390000.0
2007-09-25,ITC,61.52,62.98,61.41,62.04,14390000.0
2007-09-26,ITC,62.32,62.78,60.91,61.17,10400000.0
2007-09-27,ITC,61.62,62.77,60.74,61.47,34980000.0
2007-09-28,ITC,61.57,64.01,60.99,62.91,16329999.999999998
2007-10-01,ITC,63.23,63.94,61.16,61.62,18850000.0
2007-10-03,ITC,61.65,63.26,61.04,62.12,23870000.0
2007-10-04,ITC,62.32,62.32,59.85,61.47,17990000.0
2007-10-05,ITC,61.47,61.92,58.94,59.25,11240000.0
2007-10-08,ITC,59.67,60.0,57.73,59.05,11400000.0
2007-10-09,ITC,58.01,62.32,58.01,61.29,16840000.0
2007-10-10,ITC,59.47,61.95,59.47,61.03,9830000.0
2007-10-11,ITC,59.75,62.98,59.75,62.83,15640000.0
2007-10-12,ITC,62.65,62.98,61.11,61.46,15510000.0
2007-10-15,ITC,61.52,62.47,60.49,62.04,16480000.0
2007-10-16,ITC,61.99,62.85,60.83,61.7,11480000.0
2007-10-17,ITC,59.17,61.59,56.43,61.16,14350000.0
2007-10-18,ITC,61.32,62.9,59.75,60.74,18030000.0
2007-10-19,ITC,60.3,60.3,57.84,58.39,11960000.0
2007-10-22,ITC,58.31,59.6,57.21,58.79,9380000.0
2007-10-23,ITC,59.0,61.79,59.0,61.42,18490000.0
2007-10-24,ITC,61.65,62.45,60.33,61.09,8680000.0
2007-10-25,ITC,60.79,60.99,59.88,60.63,15320000.0
2007-10-26,ITC,61.16,63.21,59.15,59.75,26680000.0
2007-10-29,ITC,60.56,61.32,60.16,60.53,18490000.0
2007-10-30,ITC,60.58,60.66,59.0,59.52,10880000.0
2007-10-31,ITC,59.67,60.31,58.67,59.3,16810000.0
2007-11-01,ITC,59.07,59.9,56.58,56.91,16660000.0
2007-11-02,ITC,56.68,58.75,55.69,58.04,17220000.0
2007-11-05,ITC,57.68,58.04,56.4,56.75,18240000.0
2007-11-06,ITC,57.68,57.98,56.47,57.59,13760000.0
2007-11-07,ITC,57.68,58.31,56.28,56.58,11210000.0
2007-11-08,ITC,56.68,56.85,54.69,56.42,5180000.0
2007-11-09,ITC,57.28,58.01,55.62,55.95,953530.0
2007-11-12,ITC,55.36,59.8,54.71,59.27,17910000.0
2007-11-13,ITC,58.94,59.75,56.45,58.99,16970000.0
2007-11-14,ITC,60.43,61.11,59.5,60.56,14530000.0
2007-11-15,ITC,59.73,63.28,59.73,62.8,29930000.0
2007-11-16,ITC,62.98,68.95,61.99,67.99,50050000.0
2007-11-19,ITC,70.27,71.17,65.0,65.9,37100000.0
2007-11-20,ITC,65.63,67.79,64.51,65.19,22860000.0
2007-11-21,ITC,65.3,66.89,60.43,61.46,22730000.0
2007-11-22,ITC,61.32,62.28,59.72,61.36,15640000.0
2007-11-23,ITC,61.99,62.91,60.11,61.21,11690000.0
2007-11-26,ITC,61.65,63.59,61.39,62.22,10570000.0
2007-11-27,ITC,62.22,62.65,61.12,61.64,7860000.0
2007-11-28,ITC,62.38,64.21,61.34,62.02,14220000.0
2007-11-29,ITC,62.65,63.79,60.38,61.57,25110000.0
2007-11-30,ITC,61.99,62.98,61.36,62.43,11920000.0
2007-12-03,ITC,63.28,64.11,62.38,63.53,7360000.0
2007-12-04,ITC,63.78,64.24,63.15,63.73,7140000.0
2007-12-05,ITC,63.98,64.31,62.37,63.88,13150000.0
2007-12-06,ITC,63.88,65.28,63.4,64.01,9550000.0
2007-12-07,ITC,64.01,64.54,61.22,62.37,15350000.0
2007-12-10,ITC,63.38,63.61,61.44,61.89,7490000.0
2007-12-11,ITC,65.57,65.57,61.36,62.15,8610000.0
2007-12-12,ITC,61.82,63.16,61.12,62.85,22700000.0
2007-12-13,ITC,62.98,67.12,62.98,65.09,27280000.0
2007-12-14,ITC,65.8,67.59,64.74,66.53,29970000.0
2007-12-17,ITC,66.59,68.62,63.06,64.14,22490000.0
2007-12-18,ITC,66.3,69.61,63.66,65.48,12370000.0
2007-12-19,ITC,66.64,67.79,64.14,66.2,14580000.0
2007-12-20,ITC,66.3,66.93,64.82,65.14,10840000.0
2007-12-24,ITC,67.56,67.56,64.06,65.65,16990000.0
2007-12-26,ITC,66.0,66.58,65.42,66.25,10550000.0
2007-12-27,ITC,66.33,68.28,66.31,67.47,39820000.0
2007-12-28,ITC,66.3,68.7,66.03,68.47,22270000.0
2007-12-31,ITC,68.47,70.24,68.47,69.43,14850000.0
2008-01-01,ITC,70.27,73.21,69.64,72.13,34570000.0
2008-01-02,ITC,72.89,75.38,71.04,73.29,54450000.0
2008-01-03,ITC,72.93,73.26,70.29,71.09,43380000.0
2008-01-04,ITC,71.27,72.99,70.65,72.71,35670000.0
2008-01-07,ITC,70.17,77.9,70.17,76.67,50390000.0
2008-01-08,ITC,77.5,79.36,74.28,76.57,51050000.0
2008-01-09,ITC,76.07,77.72,74.95,75.59,28700000.0
2008-01-10,ITC,75.91,76.24,72.31,72.86,18640000.0
2008-01-11,ITC,72.93,74.68,71.07,73.07,16110000.0
2008-01-14,ITC,73.89,74.91,72.35,74.42,14810000.0
2008-01-15,ITC,74.62,75.21,71.18,71.72,10060000.0
2008-01-16,ITC,71.27,71.73,66.68,69.26,26530000.0
2008-01-17,ITC,68.95,73.57,68.95,72.18,17060000.0
2008-01-18,ITC,72.18,72.93,68.95,70.49,26530000.0
2008-01-21,ITC,70.6,70.94,62.98,66.91,36220000.0
2008-01-22,ITC,62.95,66.3,56.02,60.63,39570000.0
2008-01-23,ITC,62.65,66.3,59.33,64.59,36520000.0
2008-01-24,ITC,65.3,66.96,59.73,62.15,18910000.0
2008-01-25,ITC,64.31,66.63,63.08,65.78,16300000.0
2008-01-28,ITC,62.98,66.3,62.98,65.05,16530000.000000002
2008-01-29,ITC,65.86,68.23,65.63,66.69,15250000.0
2008-01-30,ITC,69.44,69.44,62.68,66.08,15580000.0
2008-01-31,ITC,66.63,66.63,63.48,64.82,28440000.0
2008-02-01,ITC,63.73,68.75,63.73,68.0,11180000.0
2008-02-04,ITC,68.95,70.24,66.84,67.89,11470000.0
2008-02-05,ITC,68.62,68.95,66.74,68.27,10740000.0
2008-02-06,ITC,66.63,67.29,65.1,66.3,10060000.0
2008-02-07,ITC,66.3,66.71,63.06,63.68,14800000.0
2008-02-08,ITC,63.98,66.21,63.36,65.63,17580000.0
2008-02-11,ITC,65.63,66.23,59.33,61.46,15520000.0
2008-02-12,ITC,61.29,62.22,60.36,61.51,9490000.0
2008-02-13,ITC,62.48,65.55,61.99,65.05,16420000.000000002
2008-02-14,ITC,66.33,67.62,65.0,66.05,12600000.0
2008-02-15,ITC,64.61,67.6,64.61,67.24,21820000.0
2008-02-18,ITC,67.32,70.09,65.91,69.54,22280000.0
2008-02-19,ITC,68.62,70.6,67.04,68.09,16149999.999999998
2008-02-20,ITC,68.09,68.12,65.98,66.94,9930000.0
2008-02-21,ITC,67.64,67.95,65.8,66.74,8830000.0
2008-02-22,ITC,65.96,66.93,65.96,66.35,4640000.0
2008-02-25,ITC,66.93,67.92,66.35,66.91,8279999.999999999
2008-02-26,ITC,66.96,67.52,66.43,66.78,8260000.0
2008-02-27,ITC,67.29,67.56,65.47,67.07,17160000.0
2008-02-28,ITC,65.63,67.52,65.63,67.04,18720000.0
2008-02-29,ITC,66.96,68.62,66.23,67.21,31360000.0
2008-03-03,ITC,65.73,65.73,62.77,63.83,70660000.0
2008-03-04,ITC,63.98,64.44,60.36,61.29,40540000.0
2008-03-05,ITC,60.96,64.92,60.33,64.49,26080000.0
2008-03-07,ITC,64.01,64.64,61.99,63.23,28900000.0
2008-03-10,ITC,61.99,64.56,61.75,63.31,17000000.0
2008-03-11,ITC,61.82,64.64,61.82,63.73,26200000.0
2008-03-12,ITC,64.34,65.63,62.9,63.15,14500000.0
2008-03-13,ITC,62.32,62.98,60.25,61.52,15530000.0
2008-03-14,ITC,62.53,63.98,61.65,63.54,18620000.0
2008-03-17,ITC,62.67,63.44,60.58,61.57,20800000.0
2008-03-18,ITC,61.92,62.98,59.78,60.68,15500000.0
2008-03-19,ITC,62.32,62.88,61.14,62.09,16399999.999999998
2008-03-24,ITC,65.19,65.19,61.34,63.36,13530000.0
2008-03-25,ITC,66.3,67.95,62.98,63.49,20570000.0
2008-03-26,ITC,63.33,65.14,63.01,64.74,14840000.0
2008-03-27,ITC,64.9,66.96,63.98,66.33,18200000.0
2008-03-28,ITC,66.3,68.95,66.3,68.45,14780000.0
2008-03-31,ITC,68.62,69.88,67.31,68.37,12660000.0
2008-04-01,ITC,68.95,70.52,68.2,69.81,11240000.0
2008-04-02,ITC,70.6,71.86,67.62,68.95,12770000.0
2008-04-03,ITC,68.98,69.78,68.37,68.96,12430000.0
2008-04-04,ITC,68.0,68.9,66.03,66.49,15940000.0
2008-04-07,ITC,67.89,71.09,66.49,69.73,23320000.0
2008-04-08,ITC,69.94,69.94,68.37,69.13,20180000.0
2008-04-09,ITC,68.28,69.08,67.49,68.75,7110000.0
2008-04-10,ITC,68.38,69.53,67.84,68.5,12800000.0
2008-04-11,ITC,68.62,69.06,67.32,67.64,11510000.0
2008-04-15,ITC,67.46,69.44,66.98,68.91,15750000.0
2008-04-16,ITC,69.58,69.84,68.68,69.61,11510000.0
2008-04-17,ITC,69.98,70.57,67.99,70.09,9260000.0
2008-04-21,ITC,70.37,71.27,68.77,69.01,7560000.0
2008-04-22,ITC,68.88,71.27,68.3,70.7,9460000.0
2008-04-23,ITC,70.94,71.6,70.06,70.24,8630000.0
2008-04-24,ITC,69.98,71.25,69.2,69.59,14380000.0
2008-04-25,ITC,70.9,70.9,69.35,70.57,7500000.0
2008-04-28,ITC,70.94,71.6,69.69,70.14,9640000.0
2008-04-29,ITC,70.59,71.27,69.88,70.37,10570000.0
2008-04-30,ITC,69.78,73.19,69.78,72.89,22720000.0
2008-05-02,ITC,73.62,74.48,72.44,73.24,9770000.0
2008-05-05,ITC,72.89,74.05,72.26,73.17,8039999.999999999
2008-05-06,ITC,72.59,75.13,72.59,74.53,16649999.999999998
2008-05-07,ITC,74.78,76.14,74.1,75.13,14980000.0
2008-05-08,ITC,75.08,75.08,70.77,71.27,18990000.0
2008-05-09,ITC,71.27,72.93,70.7,72.44,17500000.0
2008-05-12,ITC,72.01,74.58,71.2,74.18,10830000.0
2008-05-13,ITC,74.58,75.91,73.06,74.7,12040000.0
2008-05-14,ITC,73.92,75.66,73.75,75.01,10560000.0
2008-05-15,ITC,75.28,75.58,74.28,74.98,10010000.0
2008-05-16,ITC,74.98,75.58,73.92,75.28,7340000.0
2008-05-20,ITC,74.91,75.48,74.09,74.83,8100000.0
2008-05-21,ITC,74.25,77.04,74.12,75.64,14030000.0
2008-05-22,ITC,75.25,76.57,72.93,74.05,18200000.0
2008-05-23,ITC,74.05,74.88,69.99,70.8,17610000.0
2008-05-26,ITC,70.22,70.22,66.81,68.12,27450000.0
2008-05-27,ITC,68.45,71.43,68.28,69.31,30030000.0
2008-05-28,ITC,69.98,74.0,69.98,73.57,29800000.0
2008-05-29,ITC,73.57,74.23,70.69,71.58,15800000.0
2008-05-30,ITC,71.93,73.06,71.3,72.18,12260000.0
2008-06-02,ITC,72.66,74.25,71.78,72.91,18580000.0
2008-06-03,ITC,72.26,73.22,70.99,72.89,13530000.0
2008-06-04,ITC,74.28,74.28,70.6,71.53,8850000.0
2008-06-05,ITC,72.3,74.17,70.6,73.75,11350000.0
2008-06-06,ITC,74.25,74.58,70.06,70.75,13450000.0
2008-06-09,ITC,69.41,70.74,67.95,68.73,12870000.0
2008-06-10,ITC,68.95,68.95,65.68,66.81,23130000.0
2008-06-11,ITC,66.96,67.42,64.57,66.13,36570000.0
2008-06-12,ITC,65.02,67.16,64.7,66.28,19020000.0
2008-06-13,ITC,66.3,66.76,64.52,65.68,13570000.0
2008-06-16,ITC,66.26,66.99,65.47,66.79,14270000.0
2008-06-17,ITC,66.96,67.92,66.63,67.37,5600000.0
2008-06-18,ITC,67.95,68.7,67.12,68.27,11200000.0
2008-06-19,ITC,67.29,68.42,66.64,68.22,9120000.0
2008-06-20,ITC,68.25,68.25,64.47,65.77,13360000.0
2008-06-23,ITC,65.3,67.7,63.99,64.77,17290000.0
2008-06-24,ITC,66.23,66.23,61.99,63.48,26080000.0
2008-06-25,ITC,63.31,63.31,60.53,61.8,18390000.0
2008-06-26,ITC,62.98,63.98,61.69,63.56,20410000.0
2008-06-27,ITC,62.95,62.95,60.53,60.89,13350000.0
2008-06-30,ITC,60.91,63.23,60.0,62.25,11830000.0
2008-07-01,ITC,61.85,62.98,59.04,60.66,8760000.0
2008-07-02,ITC,60.66,61.64,58.51,59.63,24340000.0
2008-07-03,ITC,59.27,59.98,55.72,56.12,17580000.0
2008-07-04,ITC,56.68,58.97,55.52,56.75,17030000.0
2008-07-07,ITC,57.35,59.63,57.35,58.95,10000000.0
2008-07-08,ITC,57.99,58.42,55.89,56.95,13430000.0
2008-07-09,ITC,57.51,61.77,57.46,60.94,14110000.0
2008-07-10,ITC,60.59,60.94,59.0,59.38,8400000.0
2008-07-11,ITC,59.63,60.33,57.13,57.86,6640000.0
2008-07-14,ITC,58.17,59.3,55.47,55.89,15910000.0
2008-07-15,ITC,55.59,55.59,52.71,53.19,16780000.0
2008-07-16,ITC,52.99,55.82,51.93,53.82,24410000.0
2008-07-17,ITC,55.03,56.32,53.9,55.44,15220000.0
2008-07-18,ITC,55.72,59.3,54.71,58.42,15000000.0
2008-07-21,ITC,58.42,61.47,57.35,59.4,18750000.0
2008-07-22,ITC,59.38,63.06,58.79,62.93,24720000.0
2008-07-23,ITC,64.42,66.2,62.3,63.51,31890000.0
2008-07-24,ITC,63.51,65.23,62.19,63.15,11020000.0
2008-07-25,ITC,62.95,63.64,61.54,62.7,10660000.0
2008-07-28,ITC,62.67,64.14,62.32,63.2,11040000.0
2008-07-29,ITC,62.65,63.28,61.07,62.85,10240000.0
2008-07-30,ITC,62.32,63.58,61.32,62.42,11820000.0
2008-07-31,ITC,63.31,63.61,58.67,61.92,58790000.0
2008-08-01,ITC,62.0,62.33,60.51,62.02,18120000.0
2008-08-04,ITC,62.02,62.95,61.65,62.25,6970000.0
2008-08-05,ITC,62.65,63.41,61.97,63.03,14590000.0
2008-08-06,ITC,63.64,64.92,62.45,62.95,25800000.0
2008-08-07,ITC,62.98,64.54,62.32,63.63,26170000.0
2008-08-08,ITC,63.31,63.94,62.75,63.01,14260000.0
2008-08-11,ITC,63.64,64.64,63.21,64.24,4680000.0
2008-08-12,ITC,64.39,65.72,64.06,64.87,12160000.0
2008-08-13,ITC,64.31,65.58,64.31,64.62,6700000.0
2008-08-14,ITC,64.14,64.7,62.9,63.36,3970000.0
2008-08-18,ITC,63.36,64.34,60.2,62.14,13420000.0
2008-08-19,ITC,61.32,61.99,60.35,60.83,8660000.0
2008-08-20,ITC,61.29,61.87,60.4,60.66,14830000.0
2008-08-21,ITC,60.73,61.12,59.8,60.41,6480000.0
2008-08-22,ITC,60.64,60.99,59.6,60.4,3800000.0
2008-08-25,ITC,61.65,61.99,60.33,60.98,2080000.0
2008-08-26,ITC,60.66,61.42,60.43,61.29,7660000.0
2008-08-27,ITC,61.32,61.62,60.68,60.98,5340000.0
2008-08-28,ITC,60.83,61.29,60.08,60.83,15060000.0
2008-08-29,ITC,61.32,62.96,61.03,62.55,9080000.0
2008-09-01,ITC,62.32,63.96,61.24,63.63,7200000.0
2008-09-02,ITC,63.98,65.3,63.44,64.44,11470000.0
2008-09-04,ITC,64.22,64.75,62.43,62.7,7030000.0
2008-09-05,ITC,60.41,63.38,60.41,62.95,4850000.0
2008-09-08,ITC,63.31,69.61,62.68,65.14,18280000.0
2008-09-09,ITC,65.02,65.02,64.16,64.51,7050000.0
2008-09-10,ITC,64.31,64.97,63.93,64.65,7210000.0
2008-09-11,ITC,64.31,64.31,62.65,63.53,7810000.0
2008-09-12,ITC,64.31,64.77,62.67,63.44,14610000.0
2008-09-15,ITC,62.65,63.3,60.36,63.03,13360000.0
2008-09-16,ITC,61.62,64.77,60.66,64.44,13360000.0
2008-09-17,ITC,61.67,64.59,60.86,61.24,13220000.0
2008-09-18,ITC,61.29,62.28,58.67,61.54,25000000.0
2008-09-19,ITC,62.35,63.81,61.7,63.33,25310000.0
2008-09-22,ITC,63.81,66.26,63.16,64.64,31740000.0
2008-09-23,ITC,64.14,64.44,63.48,64.22,8550000.0
2008-09-24,ITC,64.31,64.7,63.71,63.98,12240000.0
2008-09-25,ITC,63.68,65.68,61.84,62.33,26470000.0
2008-09-26,ITC,62.32,64.37,60.89,63.76,14040000.0
2008-09-29,ITC,63.63,64.64,62.02,63.43,26080000.0
2008-09-30,ITC,62.15,63.78,61.32,62.33,23900000.0
2008-10-01,ITC,62.98,64.47,62.5,63.78,23210000.0
2008-10-03,ITC,62.95,65.96,62.67,63.13,36350000.0
2008-10-06,ITC,64.61,64.61,59.04,59.67,24550000.0
2008-10-07,ITC,59.85,60.64,55.8,57.84,52890000.0
2008-10-08,ITC,56.95,57.64,52.84,54.96,33660000.0
2008-10-10,ITC,54.2,57.68,50.88,54.15,44580000.0
2008-10-13,ITC,55.69,57.31,54.4,56.37,32740000.000000004
2008-10-14,ITC,57.64,57.64,55.22,56.0,15220000.0
2008-10-15,ITC,55.52,55.52,52.54,53.25,28810000.0
2008-10-16,ITC,51.05,54.66,50.43,53.6,32689999.999999996
2008-10-17,ITC,54.36,55.36,52.08,52.67,17840000.0
2008-10-20,ITC,53.04,55.99,53.04,54.76,15100000.0
2008-10-21,ITC,55.36,56.65,53.48,56.05,23520000.0
2008-10-22,ITC,55.69,59.0,55.03,56.63,27080000.0
2008-10-23,ITC,55.36,58.34,54.36,55.9,15390000.0
2008-10-24,ITC,54.69,56.95,50.05,52.67,28940000.0
2008-10-27,ITC,52.04,52.37,43.77,49.39,28000000.0
2008-10-28,ITC,50.88,52.59,50.77,51.48,2350000.0
2008-10-29,ITC,52.54,53.53,48.54,50.75,37400000.0
2008-10-31,ITC,51.73,56.65,50.05,51.43,39470000.0
2008-11-03,ITC,52.26,53.5,51.15,52.97,15450000.0
2008-11-04,ITC,52.64,57.31,51.71,56.6,13000000.0
2008-11-05,ITC,58.01,58.34,55.06,56.28,18220000.0
2008-11-06,ITC,55.62,57.68,54.3,55.92,15790000.0
2008-11-07,ITC,55.16,58.24,55.16,57.89,15250000.0
2008-11-10,ITC,58.62,58.87,56.35,57.11,10670000.0
2008-11-11,ITC,56.93,58.29,56.68,57.2,11650000.0
2008-11-12,ITC,56.68,57.3,54.86,56.35,12750000.0
2008-11-14,ITC,57.01,58.34,54.78,56.2,13900000.0
2008-11-17,ITC,56.02,57.69,53.33,54.76,17900000.0
2008-11-18,ITC,54.03,55.26,52.71,53.27,16620000.000000002
2008-11-19,ITC,53.53,56.25,53.27,54.73,20520000.0
2008-11-20,ITC,54.03,55.26,53.15,54.58,11480000.0
2008-11-21,ITC,54.36,57.15,53.83,56.3,14080000.0
2008-11-24,ITC,56.35,57.38,55.54,57.06,12460000.0
2008-11-25,ITC,57.45,57.69,55.22,55.9,9570000.0
2008-11-26,ITC,56.02,57.48,55.87,57.15,21510000.0
2008-11-28,ITC,53.37,58.57,53.37,57.54,25090000.0
2008-12-01,ITC,57.31,58.67,54.38,54.78,18580000.0
2008-12-02,ITC,54.53,56.82,53.7,56.22,17450000.0
2008-12-03,ITC,56.35,56.68,54.58,55.92,13850000.0
2008-12-04,ITC,56.04,58.01,55.57,57.69,10820000.0
2008-12-05,ITC,57.89,58.34,55.62,56.14,7580000.0
2008-12-08,ITC,56.88,58.47,55.95,56.32,20150000.0
2008-12-10,ITC,56.57,57.94,56.19,56.47,17060000.0
2008-12-11,ITC,56.82,57.01,55.47,56.73,12490000.0
2008-12-12,ITC,56.02,57.68,55.03,57.15,13760000.0
2008-12-15,ITC,57.83,58.01,56.2,57.51,8420000.0
2008-12-16,ITC,57.11,59.09,56.96,58.52,12430000.0
2008-12-17,ITC,59.0,59.47,56.52,57.13,15570000.0
2008-12-18,ITC,57.35,60.56,57.35,59.68,15240000.0
2008-12-19,ITC,59.47,61.14,58.72,59.35,17990000.0
2008-12-22,ITC,59.68,60.28,58.37,59.65,9190000.0
2008-12-23,ITC,59.47,59.82,58.61,58.94,9850000.0
2008-12-24,ITC,58.41,58.67,56.85,57.13,26510000.0
2008-12-26,ITC,59.0,59.3,56.35,56.57,5360000.0
2008-12-29,ITC,56.52,57.33,56.35,56.75,6510000.0
2008-12-30,ITC,57.01,57.51,56.55,57.0,9540000.0
2008-12-31,ITC,57.28,57.35,56.68,56.91,8340000.0
2009-01-01,ITC,57.11,57.35,56.6,56.9,8760000.0
2009-01-02,ITC,57.18,58.31,56.72,57.84,10620000.0
2009-01-05,ITC,58.01,58.57,56.82,57.33,10460000.0
2009-01-06,ITC,57.66,58.41,56.95,57.81,11800000.0
2009-01-07,ITC,57.35,58.01,53.7,55.72,19140000.0
2009-01-09,ITC,55.69,58.01,54.36,56.24,20600000.0
2009-01-12,ITC,56.68,56.68,53.73,54.73,18040000.0
2009-01-13,ITC,54.73,57.16,54.28,55.92,22200000.0
2009-01-14,ITC,57.01,57.51,55.61,56.58,13950000.0
2009-01-15,ITC,55.82,56.28,54.63,55.85,10390000.0
2009-01-16,ITC,56.22,57.25,56.2,56.93,11430000.0
2009-01-19,ITC,57.35,57.96,56.19,56.57,21650000.0
2009-01-20,ITC,56.02,57.0,55.36,56.57,10930000.0
2009-01-21,ITC,56.02,57.78,55.7,56.77,19570000.0
2009-01-22,ITC,56.77,57.25,56.22,56.55,7830000.0
2009-01-23,ITC,56.55,57.0,56.07,56.48,8310000.000000001
2009-01-27,ITC,57.15,57.51,56.25,56.62,16670000.000000002
2009-01-28,ITC,56.98,58.61,56.68,58.22,15460000.0
2009-01-29,ITC,58.51,58.94,57.13,58.16,22490000.0
2009-01-30,ITC,58.14,60.0,57.84,59.7,12140000.0
2009-02-02,ITC,59.04,59.63,58.67,59.07,15000000.0
2009-02-03,ITC,59.0,61.16,58.95,59.96,12890000.0
2009-02-04,ITC,59.09,60.91,59.09,59.96,10010000.0
2009-02-05,ITC,60.0,60.88,59.53,60.1,4770000.0
2009-02-06,ITC,59.7,60.99,59.7,60.51,5140000.0
2009-02-09,ITC,60.69,60.96,59.57,60.71,5190000.0
2009-02-10,ITC,60.59,60.61,59.25,59.78,7100000.0
2009-02-11,ITC,59.4,60.1,59.12,59.73,4710000.0
2009-02-12,ITC,59.83,59.83,58.79,59.1,4490000.0
2009-02-13,ITC,59.6,59.91,58.49,59.43,6410000.0
2009-02-16,ITC,59.05,60.3,57.89,60.05,11590000.0
2009-02-17,ITC,59.96,60.33,59.45,59.85,8790000.0
2009-02-18,ITC,59.62,60.56,59.37,59.68,9460000.0
2009-02-19,ITC,59.68,60.2,59.42,60.01,9750000.0
2009-02-20,ITC,59.75,60.13,58.84,59.73,6340000.0
2009-02-24,ITC,59.33,60.15,59.12,59.86,6830000.0
2009-02-25,ITC,60.08,60.49,59.0,60.3,12670000.0
2009-02-26,ITC,60.16,62.96,59.78,61.01,11130000.0
2009-02-27,ITC,61.32,61.65,59.85,60.68,10510000.0
2009-03-02,ITC,60.03,60.36,58.9,59.32,7700000.0
2009-03-03,ITC,59.0,59.43,56.55,57.03,15260000.0
2009-03-04,ITC,57.35,58.01,57.08,57.58,5670000.0
2009-03-05,ITC,57.43,57.91,54.53,55.37,25570000.0
2009-03-06,ITC,54.41,55.17,53.29,54.54,17780000.0
2009-03-09,ITC,54.36,54.53,51.71,52.49,14690000.0
2009-03-12,ITC,53.1,55.44,52.74,53.65,18770000.0
2009-03-13,ITC,53.7,55.16,53.7,54.81,14210000.0
2009-03-16,ITC,55.03,56.65,54.4,56.38,13340000.0
2009-03-17,ITC,56.38,57.98,56.15,57.48,10480000.0
2009-03-18,ITC,57.69,58.67,55.9,56.22,8210000.000000001
2009-03-19,ITC,56.68,57.26,55.42,56.27,9930000.0
2009-03-20,ITC,56.02,56.75,55.72,56.09,8580000.0
2009-03-23,ITC,56.35,58.17,56.35,57.81,7440000.0
2009-03-24,ITC,58.51,58.51,57.05,57.99,16000000.0
2009-03-25,ITC,58.01,60.21,57.93,58.92,18930000.0
2009-03-26,ITC,58.85,62.42,58.85,61.36,18700000.0
2009-03-27,ITC,61.49,62.58,59.83,61.75,22420000.0
2009-03-30,ITC,61.29,62.55,58.85,59.28,14610000.0
2009-03-31,ITC,59.24,61.82,59.12,61.27,16420000.000000002
2009-04-01,ITC,61.36,61.62,59.42,61.11,14460000.0
2009-04-02,ITC,61.82,62.95,60.71,61.42,19670000.0
2009-04-06,ITC,61.92,62.62,58.87,59.6,34790000.0
2009-04-08,ITC,59.28,63.93,58.84,62.93,28920000.0
2009-04-09,ITC,63.64,63.98,61.57,62.04,9270000.0
2009-04-13,ITC,62.65,62.98,61.69,61.99,9820000.0
2009-04-15,ITC,62.32,63.23,60.78,61.37,22850000.0
2009-04-16,ITC,61.51,64.26,60.88,63.54,15750000.0
2009-04-17,ITC,63.81,64.27,62.19,62.47,24830000.0
2009-04-20,ITC,62.95,63.08,60.4,61.22,15350000.0
2009-04-21,ITC,60.26,63.41,60.21,62.53,14910000.0
2009-04-22,ITC,61.79,63.58,61.79,63.15,13870000.0
2009-04-23,ITC,62.98,63.31,62.52,62.98,6360000.0
2009-04-24,ITC,63.28,63.61,62.17,63.16,6320000.0
2009-04-27,ITC,63.25,64.39,62.43,64.14,14460000.0
2009-04-28,ITC,63.93,63.93,61.52,62.17,10480000.0
2009-04-29,ITC,62.37,63.2,61.47,62.62,16219999.999999998
2009-05-04,ITC,63.01,68.83,62.98,68.17,32430000.0
2009-05-05,ITC,67.95,67.95,65.05,65.57,18840000.0
2009-05-06,ITC,65.63,65.86,63.0,63.83,18720000.0
2009-05-07,ITC,64.62,64.89,62.86,63.13,13160000.0
2009-05-08,ITC,62.98,63.79,61.49,62.45,12260000.0
2009-05-11,ITC,62.96,62.98,61.42,62.3,8970000.0
2009-05-12,ITC,62.43,63.76,62.05,63.43,13740000.0
2009-05-13,ITC,63.43,64.04,61.95,62.33,9980000.0
2009-05-14,ITC,61.7,62.55,61.39,61.92,7180000.0
2009-05-15,ITC,62.05,62.82,61.46,61.67,12210000.0
2009-05-18,ITC,64.26,74.0,64.26,68.53,457090.0
2009-05-19,ITC,68.57,70.57,62.68,63.13,60750000.0
2009-05-20,ITC,62.98,63.88,61.36,61.8,23610000.0
2009-05-21,ITC,61.99,62.3,60.0,60.38,22770000.0
2009-05-22,ITC,60.38,61.16,59.75,60.86,21390000.0
2009-05-25,ITC,61.12,63.2,60.51,62.91,23730000.0
2009-05-26,ITC,63.48,63.64,60.49,61.01,19230000.0
2009-05-27,ITC,61.49,62.15,59.52,61.03,48500000.0
2009-05-28,ITC,61.82,62.32,60.38,60.96,37400000.0
2009-05-29,ITC,61.26,62.48,60.36,60.88,32080000.0
2009-06-01,ITC,61.32,64.56,61.16,63.78,40110000.0
2009-06-02,ITC,64.64,65.58,62.55,63.71,29330000.0
2009-06-03,ITC,64.57,67.75,64.04,67.31,43540000.0
2009-06-04,ITC,67.29,69.61,65.67,67.16,37190000.0
2009-06-05,ITC,67.29,67.29,62.83,63.43,79070000.0
2009-06-08,ITC,67.27,67.27,59.83,60.86,46870000.0
2009-06-09,ITC,60.28,63.61,60.13,63.25,25850000.0
2009-06-10,ITC,63.31,65.5,63.31,64.74,40270000.0
2009-06-11,ITC,64.97,66.23,64.03,65.5,24220000.0
2009-06-12,ITC,65.9,67.29,64.8,65.19,22680000.0
2009-06-15,ITC,64.64,66.08,64.44,65.47,13500000.0
2009-06-16,ITC,64.47,67.19,64.46,65.86,19020000.0
2009-06-17,ITC,65.63,66.3,63.81,64.24,15130000.0
2009-06-18,ITC,64.31,64.97,63.66,64.09,14100000.0
2009-06-19,ITC,64.14,66.66,64.14,66.49,16360000.0
2009-06-22,ITC,67.85,68.12,66.46,67.36,21270000.0
2009-06-23,ITC,67.12,67.12,63.94,65.43,24740000.0
2009-06-24,ITC,65.63,66.76,64.11,65.88,22770000.0
2009-06-25,ITC,67.52,67.52,63.16,64.03,40090000.0
2009-06-26,ITC,64.64,65.63,63.43,65.2,16620000.000000002
2009-06-29,ITC,65.3,65.58,63.98,64.21,10410000.0
2009-06-30,ITC,64.47,64.74,62.72,63.23,13500000.0
2009-07-01,ITC,63.08,64.47,62.65,63.41,10260000.0
2009-07-02,ITC,63.93,64.14,62.7,63.54,18350000.0
2009-07-03,ITC,63.31,64.01,62.7,63.54,16050000.0
2009-07-06,ITC,63.81,67.29,62.05,65.53,50750000.0
2009-07-07,ITC,65.98,71.23,65.98,70.01,52830000.0
2009-07-08,ITC,69.78,70.77,68.62,69.43,20560000.0
2009-07-09,ITC,67.12,71.27,67.12,70.74,14890000.0
2009-07-10,ITC,71.07,71.23,68.81,69.81,16329999.999999998
2009-07-13,ITC,68.85,71.27,67.62,69.89,17170000.0
2009-07-14,ITC,70.27,70.85,68.96,70.41,12130000.0
2009-07-15,ITC,70.54,72.46,69.39,72.01,14560000.0
2009-07-16,ITC,72.2,73.39,71.38,72.05,10190000.0
2009-07-17,ITC,72.86,76.9,71.57,75.99,22370000.0
2009-07-20,ITC,76.9,77.23,73.92,74.73,13530000.0
2009-07-21,ITC,75.66,75.66,72.18,72.81,12890000.0
2009-07-22,ITC,74.15,74.3,71.3,72.26,13150000.0
2009-07-23,ITC,72.94,76.9,72.66,76.16,25490000.0
2009-07-24,ITC,76.57,77.81,74.04,76.97,17450000.0
2009-07-27,ITC,77.57,80.88,75.58,79.17,16500000.0
2009-07-28,ITC,78.89,81.31,77.98,79.89,21730000.0
2009-07-29,ITC,78.89,80.52,75.61,78.79,14360000.0
2009-07-30,ITC,78.23,81.83,76.94,80.45,30970000.0
2009-07-31,ITC,82.14,83.86,80.55,82.6,22030000.0
2009-08-03,ITC,83.86,83.86,81.3,82.26,6980000.0
2009-08-04,ITC,82.26,82.54,79.55,81.71,14640000.0
2009-08-05,ITC,82.04,82.14,79.39,80.8,11660000.0
2009-08-06,ITC,79.89,81.08,76.26,77.6,16629999.999999998
2009-08-07,ITC,77.73,78.21,75.28,76.11,14960000.0
2009-08-10,ITC,76.89,77.2,73.01,74.37,17230000.0
2009-08-11,ITC,73.29,75.15,72.33,74.81,15750000.0
2009-08-12,ITC,73.92,76.49,73.12,75.53,12510000.0
2009-08-13,ITC,76.34,80.17,76.29,79.34,10510000.0
2009-08-14,ITC,79.55,79.89,76.44,77.88,8240000.0
2009-08-17,ITC,77.23,77.53,72.78,73.77,13910000.0
2009-08-18,ITC,73.59,75.49,72.68,74.48,11310000.0
2009-08-19,ITC,73.19,74.58,72.28,73.87,17820000.0
2009-08-20,ITC,74.75,75.41,74.58,74.63,8020000.0
2009-08-21,ITC,75.21,76.24,72.97,75.89,10870000.0
2009-08-24,ITC,76.74,80.48,76.24,79.54,14230000.0
2009-08-25,ITC,78.56,80.86,77.45,79.72,12210000.0
2009-08-26,ITC,79.89,79.89,78.1,79.22,8420000.0
2009-08-27,ITC,76.34,80.3,76.34,79.52,15120000.0
2009-08-28,ITC,79.72,79.89,77.57,78.43,10040000.0
2009-08-31,ITC,78.18,78.39,75.79,76.55,14040000.0
2009-09-01,ITC,77.23,77.81,74.45,76.29,12570000.0
2009-09-02,ITC,75.66,77.3,74.91,75.59,9010000.0
2009-09-03,ITC,75.91,76.44,74.33,75.18,9670000.0
2009-09-04,ITC,75.58,78.18,74.47,77.32,9780000.0
2009-09-07,ITC,78.53,78.89,75.61,76.59,25200000.0
2009-09-08,ITC,76.9,77.9,75.58,75.79,16970000.0
2009-09-09,ITC,75.58,75.91,74.72,75.25,44970000.0
2009-09-10,ITC,75.74,76.8,75.08,75.93,14200000.0
2009-09-11,ITC,76.6,76.75,74.58,75.28,17940000.0
2009-09-14,ITC,74.32,75.86,73.72,74.22,10270000.0
2009-09-15,ITC,74.58,76.37,74.35,75.93,13710000.0
2009-09-16,ITC,76.9,77.09,76.02,76.59,16990000.0
2009-09-17,ITC,77.2,77.86,75.26,75.84,28220000.0
2009-09-18,ITC,75.58,75.91,75.0,75.21,15990000.0
2009-09-22,ITC,75.58,77.57,74.65,77.35,15070000.0
2009-09-23,ITC,77.9,78.49,75.84,76.41,12400000.0
2009-09-24,ITC,75.91,78.23,75.91,77.09,15970000.0
2009-09-25,ITC,76.87,78.28,76.8,77.9,8720000.0
2009-09-29,ITC,78.49,78.89,77.15,77.65,8910000.0
2009-09-30,ITC,77.57,77.72,76.75,77.25,15630000.0
2009-10-01,ITC,77.13,77.4,76.24,77.09,12600000.0
2009-10-05,ITC,76.99,79.49,76.24,79.07,23240000.0
2009-10-06,ITC,79.55,82.37,79.52,82.06,23300000.0
2009-10-07,ITC,82.7,83.7,80.91,81.2,13210000.0
2009-10-08,ITC,82.17,84.05,81.54,83.12,19480000.0
2009-10-09,ITC,83.43,83.43,81.05,82.75,6460000.0
2009-10-12,ITC,84.33,86.45,81.28,85.64,13240000.0
2009-10-14,ITC,85.46,86.78,85.07,85.75,8620000.0
2009-10-15,ITC,86.18,86.18,82.75,84.99,12290000.0
2009-10-16,ITC,85.19,85.34,82.87,83.67,7640000.0
2009-10-17,ITC,84.36,84.44,82.37,83.04,1150000.0
2009-10-20,ITC,83.53,84.2,82.24,83.02,9600000.0
2009-10-21,ITC,83.7,83.7,80.13,80.78,7980000.0
2009-10-22,ITC,81.21,82.84,80.48,82.16,10450000.0
2009-10-23,ITC,83.13,86.52,82.87,86.25,23970000.0
2009-10-26,ITC,87.34,88.34,86.07,87.74,19650000.0
2009-10-27,ITC,86.85,87.97,84.89,86.38,14890000.0
2009-10-28,ITC,86.12,87.01,83.38,85.89,16329999.999999998
2009-10-29,ITC,84.36,87.44,84.08,85.95,21700000.0
2009-10-30,ITC,87.01,87.26,83.9,84.46,13400000.0
2009-11-03,ITC,83.65,86.13,80.58,82.39,13150000.0
2009-11-04,ITC,81.88,84.86,80.8,84.39,10390000.0
2009-11-05,ITC,84.2,84.83,81.54,83.58,11910000.0
2009-11-06,ITC,83.86,84.44,81.88,82.49,8199999.999999999
2009-11-09,ITC,83.86,86.17,82.52,85.87,10840000.0
2009-11-10,ITC,85.52,86.85,84.2,85.34,15750000.0
2009-11-11,ITC,84.54,85.99,84.54,85.14,12790000.0
2009-11-12,ITC,85.52,86.07,83.28,83.85,12610000.0
2009-11-13,ITC,84.79,85.11,83.53,84.36,10870000.0
2009-11-16,ITC,84.69,85.79,83.75,84.73,11420000.0
2009-11-17,ITC,84.69,84.96,83.6,84.41,9790000.0
2009-11-18,ITC,84.53,86.02,83.81,85.77,9400000.0
2009-11-19,ITC,85.85,86.25,84.56,85.07,10730000.0
2009-11-20,ITC,84.33,86.52,82.32,86.15,10720000.0
2009-11-23,ITC,86.78,89.5,86.18,89.1,22150000.0
2009-11-24,ITC,89.5,89.5,87.16,87.44,17350000.0
2009-11-25,ITC,87.51,89.33,86.96,89.13,9680000.0
2009-11-26,ITC,89.5,89.83,85.77,86.62,18510000.0
2009-11-27,ITC,85.7,86.52,83.57,84.96,13280000.0
2009-11-30,ITC,85.64,86.73,84.53,85.22,11340000.0
2009-12-01,ITC,85.52,86.15,84.71,85.54,12300000.0
2009-12-02,ITC,86.13,86.35,84.53,85.19,11920000.0
2009-12-03,ITC,85.22,86.1,84.53,84.68,8760000.0
2009-12-04,ITC,84.69,85.89,83.93,85.09,7670000.0
2009-12-07,ITC,85.22,85.77,84.26,84.46,5870000.0
2009-12-08,ITC,84.56,86.1,84.31,85.72,10170000.0
2009-12-09,ITC,85.52,85.8,84.71,85.04,7960000.0
2009-12-10,ITC,85.12,85.49,83.86,84.26,10530000.0
2009-12-11,ITC,84.79,84.79,82.97,83.78,9980000.0
2009-12-14,ITC,84.03,84.51,82.7,83.1,7600000.0
2009-12-15,ITC,83.53,84.1,82.54,83.35,7020000.0
2009-12-16,ITC,83.43,83.48,82.06,82.67,7770000.0
2009-12-17,ITC,83.04,83.33,82.21,82.62,9250000.0
2009-12-18,ITC,82.9,82.9,81.54,81.88,6010000.0
2009-12-21,ITC,81.88,81.96,80.73,81.15,7790000.0
2009-12-22,ITC,81.44,82.44,80.62,81.63,12180000.0
2009-12-23,ITC,81.88,84.49,81.05,84.06,15970000.0
2009-12-24,ITC,84.53,85.49,83.45,84.81,8610000.0
2009-12-29,ITC,84.31,85.34,84.29,84.92,6500000.0
2009-12-30,ITC,84.79,85.01,82.87,83.1,7430000.0
2009-12-31,ITC,83.43,84.18,82.82,83.13,15330000.0
2010-01-04,ITC,83.86,84.53,82.99,84.08,5160000.0
2010-01-05,ITC,84.46,85.11,83.76,84.91,10770000.0
2010-01-06,ITC,85.75,85.75,84.06,85.11,7530000.0
2010-01-07,ITC,85.19,85.69,84.1,84.84,4990000.0
2010-01-08,ITC,84.64,85.69,84.64,85.02,4880000.0
2010-01-11,ITC,85.36,86.02,84.86,85.06,7200000.0
2010-01-12,ITC,85.11,85.11,82.57,82.89,15510000.0
2010-01-13,ITC,82.54,83.45,81.88,82.52,12480000.0
2010-01-14,ITC,83.04,83.17,81.88,82.26,12320000.0
2010-01-15,ITC,82.89,83.93,81.91,83.78,7840000.0
2010-01-18,ITC,83.8,84.29,82.87,83.05,5640000.0
2010-01-19,ITC,83.33,83.33,82.31,82.84,6300000.0
2010-01-20,ITC,82.87,83.37,81.63,81.91,10430000.0
2010-01-21,ITC,82.04,82.92,80.38,81.05,11730000.0
2010-01-22,ITC,80.55,84.1,79.97,82.57,46260000.0
2010-01-25,ITC,82.87,84.96,82.06,84.56,15800000.0
2010-01-27,ITC,84.03,85.87,83.86,84.83,35550000.0
2010-01-28,ITC,85.09,85.19,82.39,84.28,19600000.0
2010-01-29,ITC,84.03,85.11,82.57,82.92,15770000.0
2010-02-01,ITC,82.87,83.71,81.44,81.71,12620000.0
2010-02-02,ITC,82.89,82.89,80.57,81.01,10820000.0
2010-02-03,ITC,81.21,84.48,80.71,83.73,13890000.0
2010-02-04,ITC,83.53,84.44,82.74,83.98,12120000.0
2010-02-05,ITC,83.53,83.96,81.88,82.32,18620000.0
2010-02-06,ITC,82.21,82.74,81.94,82.22,477020.0
2010-02-08,ITC,82.21,82.27,79.79,81.33,23410000.0
2010-02-09,ITC,81.34,81.81,80.47,80.85,12080000.0
2010-02-10,ITC,81.11,81.54,80.25,80.85,8560000.0
2010-02-11,ITC,81.23,82.17,81.15,81.92,6950000.0
2010-02-15,ITC,82.37,82.87,81.25,82.65,6490000.0
2010-02-16,ITC,83.12,83.37,82.24,82.92,6120000.0
2010-02-17,ITC,83.04,83.76,82.69,83.45,7890000.0
2010-02-18,ITC,83.6,83.78,81.71,82.29,4010000.0
2010-02-19,ITC,82.64,83.0,81.48,82.37,6000000.0
2010-02-22,ITC,82.79,83.12,81.58,82.07,6520000.0
2010-02-23,ITC,82.07,82.85,81.48,82.62,7210000.0
2010-02-24,ITC,82.32,83.02,81.81,82.09,8540000.0
2010-02-25,ITC,82.5,82.7,81.44,82.07,14310000.0
2010-02-26,ITC,82.37,83.67,75.84,76.99,70060000.0
2010-03-02,ITC,77.93,80.95,77.9,80.2,29080000.0
2010-03-03,ITC,80.38,81.63,79.01,80.78,13050000.0
2010-03-04,ITC,81.84,81.88,80.55,81.56,12870000.0
2010-03-05,ITC,81.88,81.88,80.55,81.13,8289999.999999999
2010-03-08,ITC,81.46,83.52,81.38,83.28,22480000.0
2010-03-09,ITC,83.45,84.11,82.74,83.22,9540000.0
2010-03-10,ITC,83.78,84.61,82.99,84.28,11960000.0
2010-03-11,ITC,84.2,85.49,83.4,84.74,8750000.0
2010-03-12,ITC,85.19,86.32,84.61,85.67,16750000.0
2010-03-15,ITC,85.64,86.75,85.64,85.97,15360000.0
2010-03-16,ITC,86.25,86.5,84.28,86.12,7480000.0
2010-03-17,ITC,86.12,87.64,85.74,87.13,12140000.0
2010-03-18,ITC,87.18,87.74,85.75,86.6,6490000.0
2010-03-19,ITC,86.35,87.26,85.9,86.62,7730000.0
2010-03-22,ITC,85.97,86.81,85.31,86.71,8910000.0
2010-03-23,ITC,86.35,87.08,84.92,86.5,9990000.0
2010-03-25,ITC,86.53,88.32,86.12,87.76,17240000.0
2010-03-26,ITC,87.76,88.17,86.88,87.64,8880000.0
2010-03-29,ITC,87.64,89.83,86.93,89.23,12650000.0
2010-03-30,ITC,89.27,90.46,88.74,89.12,7990000.0
2010-03-31,ITC,89.43,89.43,86.71,87.2,15050000.0
2010-04-01,ITC,87.51,88.45,87.21,87.51,5660000.0
2010-04-05,ITC,88.74,89.07,87.54,87.78,7340000.0
2010-04-06,ITC,87.78,88.7,87.21,88.26,9670000.0
2010-04-07,ITC,87.96,89.5,87.34,89.32,8730000.0
2010-04-08,ITC,88.84,89.15,88.29,88.75,6260000.0
2010-04-09,ITC,88.77,89.66,88.07,89.25,8400000.0
2010-04-12,ITC,89.5,90.39,88.62,89.96,7870000.0
2010-04-13,ITC,90.69,90.73,88.87,89.04,4830000.0
2010-04-15,ITC,89.52,89.73,86.6,87.1,11890000.0
2010-04-16,ITC,86.22,89.45,86.22,89.2,8870000.0
2010-04-19,ITC,88.84,90.76,86.96,87.79,7860000.0
2010-04-20,ITC,88.34,88.41,86.52,87.25,8330000.0
2010-04-21,ITC,87.51,87.83,86.63,87.0,5480000.0
2010-04-22,ITC,86.68,88.62,86.35,87.59,13170000.0
2010-04-23,ITC,87.74,88.82,86.88,88.49,4990000.0
2010-04-26,ITC,88.17,89.8,87.87,88.64,5370000.0
2010-04-27,ITC,88.84,89.78,88.02,89.35,5870000.0
2010-04-28,ITC,88.54,90.29,88.12,89.48,10550000.0
2010-04-29,ITC,89.96,89.96,88.01,88.55,10190000.0
2010-04-30,ITC,88.84,89.07,87.84,88.12,6860000.0
2010-05-03,ITC,86.6,88.37,86.6,87.83,7010000.0
2010-05-04,ITC,86.91,88.17,86.52,86.95,4730000.0
2010-05-05,ITC,82.87,87.38,82.87,86.9,6920000.0
2010-05-06,ITC,81.21,87.01,81.21,85.87,5810000.0
2010-05-07,ITC,84.2,86.5,84.06,85.9,8690000.0
2010-05-10,ITC,84.49,87.16,84.49,86.78,14890000.0
2010-05-11,ITC,85.37,87.28,85.37,86.04,9940000.0
2010-05-12,ITC,83.7,88.14,83.7,87.86,5340000.0
2010-05-13,ITC,88.5,88.84,87.43,88.34,6070000.0
2010-05-14,ITC,87.18,90.49,87.18,88.89,8910000.0
2010-05-17,ITC,88.17,89.13,87.84,88.22,7170000.0
2010-05-18,ITC,87.86,89.33,86.63,89.05,4780000.0
2010-05-19,ITC,88.99,88.99,85.52,85.92,8930000.0
2010-05-20,ITC,85.64,87.96,85.19,86.98,12630000.0
2010-05-21,ITC,86.18,90.92,85.31,89.93,36160000.0
2010-05-24,ITC,91.16,91.32,88.02,88.85,14960000.0
2010-05-25,ITC,88.67,89.57,85.75,86.35,21120000.0
2010-05-26,ITC,86.86,89.48,86.55,89.2,11090000.0
2010-05-27,ITC,89.33,92.35,88.6,91.45,29180000.0
2010-05-28,ITC,92.15,94.14,91.45,93.87,16860000.0
2010-05-31,ITC,95.37,95.37,92.55,93.87,11480000.0
2010-06-01,ITC,94.6,94.79,93.31,93.81,9580000.0
2010-06-02,ITC,94.14,94.4,92.57,93.24,8109999.999999999
2010-06-03,ITC,93.81,95.08,93.64,94.64,7470000.0
2010-06-04,ITC,95.75,96.73,91.82,96.41,9570000.0
2010-06-07,ITC,94.47,95.83,94.47,95.37,6600000.0
2010-06-08,ITC,96.36,96.99,94.99,96.03,9180000.0
2010-06-09,ITC,95.27,95.27,91.52,92.02,11890000.0
2010-06-10,ITC,92.48,93.39,91.22,92.83,10570000.0
2010-06-11,ITC,95.8,95.8,93.03,93.33,8460000.0
2010-06-14,ITC,93.71,95.07,93.34,94.84,8420000.0
2010-06-15,ITC,94.8,97.02,94.5,96.69,9380000.0
2010-06-16,ITC,97.69,97.69,95.52,96.43,11820000.0
2010-06-17,ITC,96.46,98.42,95.85,97.42,13330000.0
2010-06-18,ITC,97.79,99.21,97.02,97.75,15590000.0
2010-06-21,ITC,98.35,99.44,96.79,99.15,13890000.0
2010-06-22,ITC,98.78,100.69,98.53,100.04,9380000.0
2010-06-23,ITC,99.44,100.84,99.19,100.39,9280000.0
2010-06-24,ITC,100.44,102.06,99.48,101.35,20710000.0
2010-06-25,ITC,101.32,102.06,99.51,99.92,7900000.0
2010-06-28,ITC,99.77,100.6,98.45,98.66,6450000.0
2010-06-29,ITC,98.98,99.11,97.47,98.23,5040000.0
2010-06-30,ITC,97.12,101.5,97.12,101.25,13850000.0
2010-07-01,ITC,101.03,101.03,99.53,100.44,5110000.0
2010-07-02,ITC,101.1,101.42,100.04,100.29,4190000.0000000005
2010-07-05,ITC,100.24,100.94,99.44,100.16,4300000.0
2010-07-06,ITC,100.17,100.54,99.81,100.4,4540000.0
2010-07-07,ITC,100.47,100.59,99.44,100.11,6040000.0
2010-07-08,ITC,100.77,101.22,100.07,100.49,5590000.0
2010-07-09,ITC,100.49,101.03,99.19,99.56,5970000.0
2010-07-12,ITC,100.11,100.11,99.21,99.43,6980000.0
2010-07-13,ITC,99.43,99.91,97.89,99.15,14030000.0
2010-07-14,ITC,99.49,100.16,98.66,98.95,13910000.0
2010-07-15,ITC,98.95,99.77,98.86,99.48,9170000.0
2010-07-16,ITC,99.61,99.63,98.32,98.9,11570000.0
2010-07-19,ITC,98.58,99.43,96.13,96.58,9790000.0
2010-07-20,ITC,96.79,97.26,96.16,96.61,4300000.0
2010-07-21,ITC,97.07,98.12,96.41,96.91,11560000.0
2010-07-22,ITC,88.31,98.96,88.31,98.68,21790000.0
2010-07-23,ITC,99.44,100.34,98.86,99.99,19650000.0
2010-07-26,ITC,100.11,100.5,99.43,100.34,6790000.0
2010-07-27,ITC,101.76,101.76,100.44,100.85,5360000.0
2010-07-28,ITC,101.27,102.18,100.5,101.88,10150000.0
2010-07-29,ITC,101.76,103.39,101.45,102.79,11640000.0
2010-07-30,ITC,102.68,103.37,101.43,102.34,11090000.0
2010-08-02,ITC,102.46,103.9,102.43,103.69,16660000.0
2010-08-03,ITC,105.21,105.21,101.93,102.36,8470000.0
2010-08-04,ITC,102.1,104.08,100.47,102.96,8109999.999999999
2010-08-05,ITC,103.22,104.22,102.33,103.29,5970000.0
2010-08-06,ITC,103.42,106.07,103.29,105.24,5980000.0
2010-08-09,ITC,105.41,106.21,104.68,105.38,4000000.0
2010-08-10,ITC,105.71,105.71,103.32,104.25,7110000.0
2010-08-11,ITC,103.42,104.08,102.33,102.73,4890000.0
2010-08-12,ITC,101.1,103.32,100.8,101.4,7290000.0
2010-08-13,ITC,101.43,104.08,101.4,103.59,7220000.0
2010-08-16,ITC,104.48,105.41,103.42,104.91,4360000.0
2010-08-17,ITC,105.41,106.27,103.92,105.77,8289999.999999999
2010-08-18,ITC,107.07,108.06,105.44,107.73,12320000.0
2010-08-19,ITC,107.73,110.25,107.73,109.59,12460000.0
2010-08-20,ITC,109.45,109.72,107.43,107.86,8910000.0
2010-08-23,ITC,107.4,107.86,105.48,105.74,5710000.0
2010-08-24,ITC,105.77,106.93,105.14,105.97,5190000.0
2010-08-25,ITC,106.01,106.9,105.97,106.4,6600000.0
2010-08-26,ITC,106.74,109.49,106.74,108.66,16280000.000000002
2010-08-27,ITC,108.79,109.62,106.31,106.87,5480000.0
2010-08-30,ITC,108.06,108.29,105.14,105.61,4580000.0
2010-08-31,ITC,106.27,108.72,105.08,108.16,13190000.0
2010-09-01,ITC,108.89,108.92,107.27,108.16,7240000.0
2010-09-02,ITC,108.59,109.95,108.16,109.69,7360000.0
2010-09-03,ITC,109.85,109.85,107.63,108.72,6090000.0
2010-09-06,ITC,109.29,110.91,108.59,109.92,10600000.0
2010-09-07,ITC,110.05,110.88,109.26,110.18,8550000.0
2010-09-08,ITC,109.49,109.98,108.23,108.92,6020000.0
2010-09-09,ITC,109.79,109.79,107.0,107.63,7400000.0
2010-09-13,ITC,108.29,109.26,107.47,108.19,6540000.0
2010-09-14,ITC,108.0,110.18,107.27,109.52,11280000.0
2010-09-15,ITC,108.96,111.38,108.39,111.14,10370000.0
2010-09-16,ITC,110.71,112.3,110.42,110.98,6880000.0
2010-09-17,ITC,111.28,112.21,110.28,111.61,11380000.0
2010-09-20,ITC,112.04,118.01,111.38,117.11,20780000.0
2010-09-21,ITC,117.91,118.87,113.63,114.46,24210000.0
2010-09-22,ITC,113.6,116.55,113.6,115.82,10950000.0
2010-09-23,ITC,115.98,117.97,114.63,117.01,9540000.0
2010-09-24,ITC,117.84,119.9,117.14,118.83,13320000.0
2010-09-27,ITC,119.6,119.73,117.54,118.27,11840000.0
2010-09-28,ITC,118.6,119.33,116.88,118.27,10900000.0
2010-09-29,ITC,118.34,119.53,114.69,115.09,10050000.0
2010-09-30,ITC,115.22,119.33,113.96,118.21,24460000.0
2010-10-01,ITC,118.6,119.33,116.88,118.44,15380000.0
2010-10-04,ITC,119.33,120.53,115.95,116.18,12970000.0
2010-10-05,ITC,116.68,117.28,115.02,115.22,12480000.0
2010-10-06,ITC,116.78,117.31,113.23,114.63,10790000.0
2010-10-07,ITC,115.22,115.62,113.5,113.96,11790000.0
2010-10-08,ITC,114.03,114.92,112.44,114.33,11290000.0
2010-10-11,ITC,115.25,115.65,113.6,114.66,7470000.0
2010-10-12,ITC,113.96,114.56,112.14,113.33,7680000.0
2010-10-13,ITC,114.69,116.58,113.03,116.08,16059999.999999998
2010-10-14,ITC,117.14,117.24,115.25,116.05,7070000.0
2010-10-15,ITC,116.68,116.68,113.6,114.0,6710000.0
2010-10-18,ITC,114.03,114.59,110.78,113.73,12770000.0
2010-10-19,ITC,113.83,114.86,112.11,113.03,8870000.0
2010-10-20,ITC,112.21,113.56,111.05,111.38,8680000.0
2010-10-21,ITC,112.6,116.02,110.91,115.59,6660000.0
2010-10-22,ITC,115.42,115.69,112.84,113.5,5040000.0
2010-10-25,ITC,114.86,114.96,111.77,112.14,10280000.0
2010-10-26,ITC,112.93,114.92,112.11,113.86,9180000.0
2010-10-27,ITC,113.86,113.96,110.85,111.28,7460000.0
2010-10-28,ITC,112.14,113.83,109.39,110.75,34660000.0
2010-10-29,ITC,112.11,113.96,109.85,113.5,27590000.0
2010-11-01,ITC,114.36,115.02,113.27,113.93,12800000.0
2010-11-02,ITC,114.16,115.35,113.37,114.96,6940000.0
2010-11-03,ITC,115.35,117.41,115.35,116.38,14420000.0
2010-11-04,ITC,117.58,117.67,116.05,117.34,8820000.0
2010-11-05,ITC,118.01,118.34,116.81,117.44,1680000.0
2010-11-08,ITC,118.93,118.93,115.75,116.45,6950000.0
2010-11-09,ITC,116.68,118.3,115.42,117.87,6840000.0
2010-11-10,ITC,117.67,118.27,116.95,117.34,5450000.0
2010-11-11,ITC,117.67,118.01,115.79,116.25,3750000.0
2010-11-12,ITC,116.61,117.34,114.29,115.25,6220000.0
2010-11-15,ITC,114.96,116.35,113.53,116.12,3980000.0
2010-11-16,ITC,116.65,116.98,111.74,112.67,8600000.0
2010-11-18,ITC,116.51,116.51,111.71,114.0,12340000.0
2010-11-19,ITC,114.19,114.69,112.44,113.33,8830000.0
2010-11-22,ITC,113.53,116.95,112.97,116.61,12250000.0
2010-11-23,ITC,116.18,116.68,112.4,114.36,12790000.0
2010-11-24,ITC,115.32,115.52,113.83,115.16,9200000.0
2010-11-25,ITC,114.43,114.99,111.44,112.5,13470000.0
2010-11-26,ITC,112.87,113.23,110.08,111.14,14760000.0
2010-11-29,ITC,111.38,112.54,108.72,111.77,19100000.0
2010-11-30,ITC,111.08,114.69,110.05,113.96,19830000.0
2010-12-01,ITC,114.36,114.36,112.6,113.63,7090000.0
2010-12-02,ITC,114.13,114.63,112.54,113.3,12730000.0
2010-12-03,ITC,111.05,114.03,109.39,113.56,14190000.0
2010-12-06,ITC,113.37,113.37,111.71,112.07,6000000.0
2010-12-07,ITC,111.77,112.5,110.25,111.51,9980000.0
2010-12-08,ITC,111.38,112.7,110.22,110.55,9760000.0
2010-12-09,ITC,111.01,111.71,109.92,110.91,11090000.0
2010-12-10,ITC,111.31,113.3,110.71,112.9,6270000.0
2010-12-13,ITC,113.2,113.37,109.72,110.81,9000000.0
2010-12-14,ITC,111.38,112.44,110.78,111.64,7170000.0
2010-12-15,ITC,110.51,111.91,110.38,110.71,7960000.0
2010-12-16,ITC,111.67,111.67,108.82,111.41,7140000.0
2010-12-20,ITC,111.54,111.54,109.79,110.68,5860000.0
2010-12-21,ITC,110.71,111.05,109.92,110.81,5140000.0
2010-12-22,ITC,111.84,111.84,110.18,110.98,5150000.0
2010-12-23,ITC,111.64,111.64,110.15,110.65,4380000.0
2010-12-24,ITC,109.85,112.97,109.85,112.64,7440000.0
2010-12-27,ITC,112.54,113.53,112.07,112.54,6930000.0
2010-12-28,ITC,112.54,113.9,112.54,113.5,4310000.0
2010-12-29,ITC,113.5,115.75,113.46,115.49,10210000.0
2010-12-30,ITC,114.89,116.91,114.46,115.72,29500000.0
2010-12-31,ITC,115.25,116.65,115.12,115.79,10410000.0
2011-01-03,ITC,116.65,116.65,115.29,115.88,3490000.0
2011-01-04,ITC,116.02,118.07,116.02,117.67,14940000.0
2011-01-05,ITC,117.61,119.46,116.55,119.2,12790000.0
2011-01-06,ITC,119.56,120.0,116.58,118.6,8910000.0
2011-01-07,ITC,118.04,119.33,113.1,114.36,10800000.0
2011-01-10,ITC,114.16,114.29,111.74,113.1,12400000.0
2011-01-11,ITC,112.84,115.35,111.41,112.77,11890000.0
2011-01-12,ITC,114.13,115.62,111.77,115.19,7670000.0
2011-01-13,ITC,114.72,115.82,113.63,114.79,11310000.0
2011-01-14,ITC,114.43,117.44,112.11,113.07,8990000.0
2011-01-17,ITC,112.77,115.95,111.14,114.0,14170000.0
2011-01-18,ITC,114.29,117.18,114.09,116.78,9610000.0
2011-01-19,ITC,117.01,118.21,115.09,116.32,14100000.0
2011-01-20,ITC,115.59,116.61,113.13,113.8,11020000.0
2011-01-21,ITC,113.5,114.39,111.64,111.97,13520000.0
2011-01-24,ITC,112.67,113.0,111.38,112.11,7690000.0
2011-01-25,ITC,112.17,112.93,111.05,111.38,7830000.0
2011-01-27,ITC,111.94,112.54,110.71,111.24,11720000.0
2011-01-28,ITC,111.94,112.87,109.79,111.48,16010000.000000002
2011-01-31,ITC,110.78,111.31,106.7,107.8,17010000.0
2011-02-01,ITC,108.49,108.59,103.55,105.81,21250000.0
2011-02-02,ITC,106.57,107.2,104.75,105.41,9640000.0
2011-02-03,ITC,105.01,106.87,104.48,105.71,7090000.0
2011-02-04,ITC,105.81,106.57,100.57,101.43,14630000.0
2011-02-07,ITC,103.29,105.24,101.63,104.15,14670000.0
2011-02-08,ITC,104.42,104.91,103.42,103.49,9350000.0
2011-02-09,ITC,103.42,103.75,101.27,102.03,12680000.0
2011-02-10,ITC,102.23,105.38,102.23,103.52,10720000.0
2011-02-11,ITC,103.98,104.15,102.1,102.82,8650000.0
2011-02-14,ITC,102.56,105.94,102.56,104.42,10010000.0
2011-02-15,ITC,105.18,105.21,102.49,104.15,6530000.0
2011-02-16,ITC,103.55,105.31,103.55,104.02,5480000.0
2011-02-17,ITC,104.42,105.34,102.66,105.05,10350000.0
2011-02-18,ITC,104.98,106.17,102.76,103.26,7140000.0
2011-02-21,ITC,103.26,105.31,102.49,104.88,3900000.0
2011-02-22,ITC,104.68,104.68,103.09,103.89,6840000.0
2011-02-23,ITC,104.08,104.42,102.82,103.16,5240000.0
2011-02-24,ITC,102.33,103.55,98.78,99.87,26720000.0
2011-02-25,ITC,101.23,104.02,100.44,103.62,13680000.0
2011-02-28,ITC,103.45,112.7,102.36,112.04,45490000.0
2011-03-01,ITC,113.23,115.35,113.1,115.09,21950000.0
2011-03-03,ITC,114.03,116.68,113.5,115.06,19980000.0
2011-03-04,ITC,115.72,115.88,114.03,114.29,12420000.0
2011-03-07,ITC,113.53,115.22,111.41,114.46,10100000.0
2011-03-08,ITC,115.16,115.29,113.46,114.0,8570000.0
2011-03-09,ITC,114.29,114.79,113.1,113.86,6320000.0
2011-03-10,ITC,113.66,114.0,112.24,113.56,6640000.0
2011-03-11,ITC,113.2,114.69,112.4,113.6,5980000.0
2011-03-14,ITC,113.86,115.29,113.03,114.99,6750000.0
2011-03-15,ITC,113.4,114.56,111.18,112.77,10410000.0
2011-03-16,ITC,113.13,114.26,113.13,113.5,4940000.0
2011-03-17,ITC,112.37,113.3,110.91,111.41,11710000.0
2011-03-18,ITC,112.44,112.6,109.79,111.34,9720000.0
2011-03-21,ITC,111.81,112.64,111.05,111.31,6150000.0
2011-03-22,ITC,111.77,113.3,111.05,112.74,6150000.0
2011-03-23,ITC,112.7,114.33,112.14,114.0,8540000.0
2011-03-24,ITC,114.69,115.09,113.96,114.69,8130000.000000001
2011-03-25,ITC,116.02,118.01,115.02,117.64,17560000.0
2011-03-28,ITC,117.01,119.07,116.91,118.47,13140000.0
2011-03-29,ITC,119.0,119.33,118.11,118.83,12570000.0
2011-03-30,ITC,119.27,120.23,117.18,117.74,15960000.0
2011-03-31,ITC,118.17,121.98,118.17,120.72,33020000.000000004
2011-04-01,ITC,120.69,122.61,120.26,120.99,16600000.000000002
2011-04-04,ITC,121.62,122.65,121.19,122.55,9670000.0
2011-04-05,ITC,122.48,123.11,121.49,122.12,8180000.0
2011-04-06,ITC,121.55,122.41,119.86,121.29,5440000.0
2011-04-07,ITC,121.32,121.65,120.23,121.02,5620000.0
2011-04-08,ITC,121.25,122.98,120.56,121.82,10350000.0
2011-04-11,ITC,122.05,124.64,121.75,122.65,12360000.0
2011-04-13,ITC,122.65,126.82,121.82,126.03,15720000.0
2011-04-15,ITC,126.03,127.72,125.07,126.96,16649999.999999998
2011-04-18,ITC,127.06,129.11,124.3,126.09,13130000.0
2011-04-19,ITC,125.3,126.62,123.91,124.3,11980000.0
2011-04-20,ITC,125.13,126.82,124.3,126.36,8520000.0
2011-04-21,ITC,127.92,127.92,125.63,126.06,14230000.0
2011-04-25,ITC,125.96,127.75,125.8,126.13,4290000.0
2011-04-26,ITC,126.33,127.55,122.71,127.06,11700000.0
2011-04-27,ITC,127.29,128.61,126.79,128.38,8279999.999999999
2011-04-28,ITC,128.81,129.14,126.66,127.19,12070000.0
2011-04-29,ITC,126.19,129.14,126.19,127.52,15510000.0
2011-05-02,ITC,127.95,128.61,126.29,126.72,7770000.0
2011-05-03,ITC,126.29,126.62,123.08,123.87,7730000.0
2011-05-04,ITC,124.5,124.83,121.65,123.84,8220000.000000001
2011-05-05,ITC,123.97,124.24,120.43,120.99,9080000.0
2011-05-06,ITC,121.32,121.98,117.71,121.72,10530000.0
2011-05-09,ITC,121.95,123.84,120.72,122.28,8400000.0
2011-05-10,ITC,122.65,124.97,122.22,123.04,6140000.0
2011-05-11,ITC,123.04,123.81,122.25,123.54,3170000.0
2011-05-12,ITC,122.88,124.47,121.59,121.85,4179999.9999999995
2011-05-13,ITC,121.82,127.22,120.96,125.3,10600000.0
2011-05-16,ITC,125.96,126.43,123.01,123.38,11550000.0
2011-05-17,ITC,123.64,125.96,123.11,124.54,8730000.0
2011-05-18,ITC,124.5,126.36,124.5,125.27,6780000.0
2011-05-19,ITC,126.03,127.16,124.74,125.33,11830000.0
2011-05-20,ITC,126.26,126.96,121.82,123.67,39310000.0
2011-05-23,ITC,123.94,126.43,123.44,126.09,13710000.0
2011-05-24,ITC,126.39,126.56,123.44,123.94,8930000.0
2011-05-25,ITC,123.74,125.8,122.88,125.37,9660000.0
2011-05-26,ITC,125.3,125.3,123.31,123.97,14830000.0
2011-05-27,ITC,124.3,125.83,124.2,125.27,9140000.0
2011-05-30,ITC,125.27,125.7,123.54,124.37,8920000.0
2011-05-31,ITC,124.64,128.51,124.64,128.18,13670000.0
2011-06-01,ITC,129.28,129.28,127.62,128.51,8369999.999999999
2011-06-02,ITC,127.78,131.2,127.55,129.48,10600000.0
2011-06-03,ITC,129.48,130.57,127.95,128.25,5780000.0
2011-06-06,ITC,128.28,128.95,126.79,127.82,4390000.0
2011-06-07,ITC,127.29,128.88,126.96,128.32,3180000.0
2011-06-08,ITC,128.28,130.17,127.95,129.24,9080000.0
2011-06-09,ITC,128.95,129.77,128.12,129.28,5880000.0
2011-06-10,ITC,126.96,128.15,126.29,127.06,13270000.0
2011-06-13,ITC,126.82,127.52,125.93,126.56,6110000.0
2011-06-14,ITC,126.56,128.88,126.56,128.51,6170000.0
2011-06-15,ITC,128.58,129.38,127.98,128.71,8119999.999999999
2011-06-16,ITC,128.95,129.48,127.95,128.61,6690000.0
2011-06-17,ITC,128.68,129.81,126.82,127.12,7380000.0
2011-06-20,ITC,127.88,127.88,122.18,123.61,12230000.0
2011-06-21,ITC,124.3,125.23,122.15,122.55,6810000.0
2011-06-22,ITC,122.91,123.81,120.66,122.78,8910000.0
2011-06-23,ITC,123.04,127.12,122.22,126.92,11570000.0
2011-06-24,ITC,127.12,130.27,127.12,129.34,16680000.0
2011-06-27,ITC,128.02,129.81,127.62,128.35,9400000.0
2011-06-28,ITC,128.75,128.91,126.29,128.51,6680000.0
2011-06-29,ITC,128.78,132.56,128.78,132.29,11510000.0
2011-06-30,ITC,132.36,135.24,132.29,134.55,17450000.0
2011-07-01,ITC,136.9,136.9,132.66,133.62,10840000.0
2011-07-04,ITC,134.65,135.31,131.43,131.76,8890000.0
2011-07-05,ITC,132.49,132.49,129.44,129.71,12500000.0
2011-07-06,ITC,129.61,131.03,128.81,130.4,9040000.0
2011-07-07,ITC,130.67,135.21,130.67,134.85,12000000.0
2011-07-08,ITC,135.08,135.97,132.36,132.96,9730000.0
2011-07-11,ITC,133.15,135.11,132.92,134.31,6960000.0
2011-07-12,ITC,133.59,135.91,132.76,133.69,8189999.999999999
2011-07-13,ITC,133.85,135.91,133.85,135.24,9810000.0
2011-07-14,ITC,135.21,135.91,132.82,134.58,12730000.0
2011-07-15,ITC,134.28,134.98,133.29,133.75,4220000.0
2011-07-18,ITC,134.25,134.51,133.02,133.69,2940000.0
2011-07-19,ITC,134.25,135.87,133.65,135.31,6130000.0
2011-07-20,ITC,135.24,137.46,134.91,136.4,12610000.0
2011-07-21,ITC,135.57,137.76,135.57,137.3,7400000.0
2011-07-22,ITC,138.23,138.69,136.97,137.5,13740000.0
2011-07-25,ITC,137.23,137.43,134.68,136.17,13970000.0
2011-07-26,ITC,135.91,137.0,132.36,133.19,9480000.0
2011-07-27,ITC,134.08,134.22,131.63,133.19,7730000.0
2011-07-28,ITC,131.5,137.23,131.5,136.73,24410000.0
2011-07-29,ITC,136.24,140.05,136.07,138.13,19930000.0
2011-08-01,ITC,139.22,140.05,137.96,138.49,10660000.0
2011-08-02,ITC,137.7,138.13,134.48,135.74,11470000.0
2011-08-03,ITC,134.81,138.03,134.35,137.13,9990000.0
2011-08-04,ITC,135.84,137.07,132.06,132.56,15750000.0
2011-08-05,ITC,129.28,131.27,126.29,130.2,20140000.0
2011-08-08,ITC,128.55,131.13,125.73,129.28,13500000.0
2011-08-09,ITC,126.13,133.98,126.03,132.43,28800000.0
2011-08-10,ITC,133.92,134.48,129.94,130.67,13910000.0
2011-08-11,ITC,129.94,132.59,129.64,131.76,9550000.0
2011-08-12,ITC,132.39,133.22,129.61,131.27,12320000.0
2011-08-16,ITC,133.42,133.88,131.27,132.92,9750000.0
2011-08-17,ITC,132.59,135.91,132.26,135.41,14540000.0
2011-08-18,ITC,135.57,136.57,134.41,135.14,10750000.0
2011-08-19,ITC,133.92,135.74,131.36,132.06,19470000.0
2011-08-22,ITC,131.46,134.45,130.3,133.92,9150000.0
2011-08-23,ITC,133.92,135.38,131.93,134.71,17820000.0
2011-08-24,ITC,134.48,135.44,132.13,133.88,7470000.0
2011-08-25,ITC,134.02,135.11,133.25,134.15,12910000.0
2011-08-26,ITC,134.51,134.71,129.11,130.5,9320000.0
2011-08-29,ITC,131.27,134.58,129.28,133.88,11870000.0
2011-08-30,ITC,135.24,135.24,131.93,132.59,10490000.0
2011-09-02,ITC,136.57,136.9,130.37,134.75,19310000.0
2011-09-05,ITC,134.58,135.14,132.72,134.41,12200000.0
2011-09-06,ITC,133.92,134.81,132.79,134.45,12160000.0
2011-09-07,ITC,134.58,134.94,132.26,132.62,10780000.0
2011-09-08,ITC,132.82,133.62,131.33,132.03,7050000.0
2011-09-09,ITC,132.39,133.09,130.27,131.03,12080000.0
2011-09-12,ITC,130.07,131.43,129.08,130.07,7630000.0
2011-09-13,ITC,130.37,132.23,129.74,130.64,7840000.0
2011-09-14,ITC,130.87,132.59,128.68,132.23,7910000.0
2011-09-15,ITC,133.82,133.82,129.97,132.19,7800000.0
2011-09-16,ITC,132.59,133.15,130.83,131.23,13470000.0
2011-09-19,ITC,131.27,131.4,129.18,129.51,7430000.0
2011-09-20,ITC,129.81,132.06,129.41,131.6,8199999.999999999
2011-09-21,ITC,131.9,132.36,130.3,131.0,4390000.0
2011-09-22,ITC,130.17,130.47,125.99,126.59,11350000.0
2011-09-23,ITC,126.03,128.88,125.33,127.06,12520000.0
2011-09-26,ITC,127.88,127.88,122.65,124.97,9710000.0
2011-09-27,ITC,125.96,128.58,125.8,128.25,9450000.0
2011-09-28,ITC,128.55,130.93,127.78,130.67,19580000.0
2011-09-29,ITC,129.77,134.55,129.77,134.08,18190000.0
2011-09-30,ITC,133.92,133.92,130.7,131.27,10310000.0
2011-10-03,ITC,129.48,130.67,128.18,128.85,7690000.0
2011-10-04,ITC,128.45,129.41,125.03,127.06,18380000.0
2011-10-05,ITC,127.35,130.87,127.35,128.68,19020000.0
2011-10-07,ITC,131.1,132.76,128.61,132.03,34230000.0
2011-10-10,ITC,131.27,133.52,130.97,132.66,10440000.0
2011-10-11,ITC,133.59,134.18,132.03,132.29,7560000.0
2011-10-12,ITC,132.59,135.57,132.33,135.24,9680000.0
2011-10-13,ITC,134.25,136.17,133.29,133.85,6110000.0
2011-10-14,ITC,133.49,136.5,133.49,136.04,8590000.0
2011-10-17,ITC,135.67,136.7,134.91,136.4,6860000.0
2011-10-18,ITC,135.48,136.44,134.65,135.41,4260000.0
2011-10-19,ITC,136.04,137.73,135.11,137.3,6890000.0
2011-10-20,ITC,136.4,136.9,135.34,135.94,7770000.0
2011-10-21,ITC,136.4,137.0,134.81,135.24,8610000.0
2011-10-24,ITC,135.24,137.89,135.24,137.2,13880000.0
2011-10-25,ITC,137.83,141.21,136.57,139.92,17230000.0
2011-10-26,ITC,140.55,141.34,139.78,140.68,2520000.0
2011-10-28,ITC,142.34,143.33,141.14,142.87,18260000.0
2011-10-31,ITC,142.77,142.87,140.41,141.31,9940000.0
2011-11-01,ITC,140.22,140.88,137.7,138.09,15950000.0
2011-11-02,ITC,137.89,139.82,137.56,138.79,7600000.0
2011-11-03,ITC,138.13,139.75,137.89,139.35,6430000.0
2011-11-04,ITC,140.05,140.38,139.09,139.45,7130000.0
2011-11-08,ITC,139.29,140.61,138.23,139.75,7160000.0
2011-11-09,ITC,139.65,142.2,139.22,140.55,11100000.0
2011-11-11,ITC,140.28,142.54,139.45,140.98,10670000.0
2011-11-14,ITC,141.44,142.73,139.65,140.22,7470000.0
2011-11-15,ITC,139.75,141.64,139.06,139.65,7770000.0
2011-11-16,ITC,139.22,141.81,138.06,140.94,8520000.0
2011-11-17,ITC,140.71,140.71,136.64,137.73,8240000.0
2011-11-18,ITC,136.73,137.5,132.66,133.78,12060000.0
2011-11-21,ITC,133.02,134.05,131.33,132.23,14460000.0
2011-11-22,ITC,134.15,134.35,129.41,130.07,13810000.0
2011-11-23,ITC,130.07,130.07,125.5,128.15,13430000.0
2011-11-24,ITC,128.25,129.87,125.73,127.49,16379999.999999998
2011-11-25,ITC,127.16,128.22,126.89,127.45,7970000.0
2011-11-28,ITC,129.24,131.76,128.05,130.24,6880000.0
2011-11-29,ITC,130.93,131.53,129.61,131.2,9540000.0
2011-11-30,ITC,130.64,133.59,130.17,133.06,15340000.0
2011-12-01,ITC,135.24,136.5,134.71,135.01,9850000.0
2011-12-02,ITC,134.94,137.23,134.25,136.9,7340000.0
2011-12-05,ITC,136.57,137.63,134.35,135.34,5820000.0
2011-12-07,ITC,135.91,137.89,134.94,135.87,11330000.0
2011-12-08,ITC,135.87,136.7,130.93,131.93,10150000.0
2011-12-09,ITC,130.67,131.66,129.08,130.7,8380000.000000001
2011-12-12,ITC,131.83,132.16,129.14,129.94,10160000.0
2011-12-13,ITC,129.61,131.27,129.31,130.83,7390000.0
2011-12-14,ITC,130.83,133.59,130.6,132.49,16180000.0
2011-12-15,ITC,131.93,133.59,130.9,132.33,14560000.0
2011-12-16,ITC,131.96,134.81,128.61,129.81,10050000.0
2011-12-19,ITC,129.08,131.27,127.49,130.93,10920000.0
2011-12-20,ITC,131.93,133.09,131.36,132.19,12980000.0
2011-12-21,ITC,133.45,134.55,132.29,134.08,10460000.0
2011-12-22,ITC,133.19,135.24,132.92,135.08,9440000.0
2011-12-23,ITC,135.51,135.91,134.08,135.24,8279999.999999999
2011-12-26,ITC,134.85,136.47,134.45,135.87,5770000.0
2011-12-27,ITC,135.84,136.57,134.12,135.94,6990000.0
2011-12-28,ITC,136.3,136.37,133.59,133.95,4700000.0
2011-12-29,ITC,133.42,134.85,132.59,133.06,9700000.0
2011-12-30,ITC,133.02,134.58,132.76,133.45,3470000.0
2012-01-02,ITC,133.82,133.82,131.2,131.7,2860000.0
2012-01-03,ITC,132.49,133.62,132.13,132.82,6070000.0
2012-01-04,ITC,133.59,133.72,131.6,132.29,11880000.0
2012-01-05,ITC,131.96,132.59,131.0,132.46,11360000.0
2012-01-06,ITC,131.96,134.65,131.5,133.98,8790000.0
2012-01-07,ITC,134.25,134.25,133.55,133.69,247520.0
2012-01-09,ITC,133.69,134.12,132.39,133.92,7410000.0
2012-01-10,ITC,134.05,136.4,134.05,136.01,5410000.0
2012-01-11,ITC,136.01,136.3,134.25,134.78,8109999.999999999
2012-01-12,ITC,134.58,136.17,134.41,135.87,7390000.0
2012-01-13,ITC,135.84,137.7,135.44,137.27,11490000.0
2012-01-16,ITC,137.13,139.02,136.9,138.62,9400000.0
2012-01-17,ITC,138.56,139.35,137.1,138.16,10230000.0
2012-01-18,ITC,137.46,139.68,137.23,139.09,10000000.0
2012-01-19,ITC,139.45,139.88,138.06,138.69,9320000.0
2012-01-20,ITC,139.19,140.08,132.46,133.45,25820000.0
2012-01-23,ITC,133.69,135.91,131.53,135.64,13260000.0
2012-01-24,ITC,135.97,137.4,135.38,136.54,9340000.0
2012-01-25,ITC,136.9,137.23,135.74,136.6,10410000.0
2012-01-27,ITC,137.56,137.56,132.39,133.78,15330000.0
2012-01-30,ITC,133.92,135.01,132.36,133.15,12410000.0
2012-01-31,ITC,134.51,135.77,133.45,135.21,11610000.0
2012-02-01,ITC,134.81,134.85,132.79,133.65,8710000.0
2012-02-02,ITC,133.95,134.08,131.53,131.96,11000000.0
2012-02-03,ITC,131.93,133.42,130.6,133.02,12930000.0
2012-02-06,ITC,133.92,134.51,132.76,134.18,10590000.0
2012-02-07,ITC,135.51,136.5,133.98,136.27,12030000.0
2012-02-08,ITC,136.54,137.53,133.92,135.54,11350000.0
2012-02-09,ITC,134.94,135.84,133.92,135.18,7600000.0
2012-02-10,ITC,135.14,135.77,133.92,135.11,10260000.0
2012-02-13,ITC,135.11,135.74,134.02,134.45,7090000.0
2012-02-14,ITC,134.31,135.04,133.92,134.28,6380000.0
2012-02-15,ITC,134.65,135.24,133.98,134.68,15540000.0
2012-02-16,ITC,134.91,135.64,133.98,135.21,13780000.0
2012-02-17,ITC,135.34,136.5,134.65,136.2,16500000.0
2012-02-21,ITC,136.2,138.36,136.2,137.5,15410000.0
2012-02-22,ITC,137.23,138.82,136.64,138.26,12920000.0
2012-02-23,ITC,138.46,139.29,136.34,138.29,16350000.000000002
2012-02-24,ITC,138.29,139.85,138.09,138.82,9090000.0
2012-02-27,ITC,139.22,141.14,138.23,140.75,17410000.0
2012-02-28,ITC,140.65,141.54,139.25,139.68,13150000.0
2012-02-29,ITC,139.88,141.21,137.0,137.66,13290000.0
2012-03-01,ITC,137.63,139.15,135.77,137.13,7610000.0
2012-03-02,ITC,137.3,137.6,134.85,136.07,8560000.0
2012-03-03,ITC,135.94,136.44,135.24,135.91,301000.0
2012-03-05,ITC,135.97,137.86,135.04,137.23,12060000.0
2012-03-06,ITC,137.0,140.35,136.04,139.49,15070000.0
2012-03-07,ITC,139.22,139.88,137.96,139.19,7870000.0
2012-03-09,ITC,139.98,141.04,137.6,138.06,14830000.0
2012-03-12,ITC,139.49,139.49,136.64,137.1,5740000.0
2012-03-13,ITC,137.23,138.89,137.23,138.59,8740000.0
2012-03-14,ITC,139.22,141.44,139.22,140.88,9820000.0
2012-03-15,ITC,140.55,141.28,137.76,138.49,15580000.0
2012-03-16,ITC,138.06,149.17,138.06,143.3,65860000.0
2012-03-19,ITC,143.86,148.3,142.83,146.18,35500000.0
2012-03-20,ITC,146.15,148.83,145.25,148.24,16090000.0
2012-03-21,ITC,148.24,149.1,146.41,148.4,16110000.0
2012-03-22,ITC,148.3,150.29,144.62,145.65,16530000.000000002
2012-03-23,ITC,146.78,149.0,145.68,147.47,11780000.0
2012-03-26,ITC,147.84,148.7,146.51,147.64,10330000.0
2012-03-27,ITC,148.4,150.66,147.18,149.86,11360000.0
2012-03-28,ITC,149.83,151.09,148.9,150.36,8840000.0
2012-03-29,ITC,148.5,150.72,147.01,148.87,16730000.0
2012-03-30,ITC,148.9,151.05,148.8,150.42,13710000.0
2012-04-02,ITC,150.76,151.39,149.6,150.46,14600000.0
2012-04-03,ITC,151.25,151.39,150.19,150.56,8820000.0
2012-04-04,ITC,150.16,151.75,149.56,150.76,7150000.0
2012-04-09,ITC,149.56,150.52,148.01,148.54,5190000.0
2012-04-10,ITC,148.63,152.48,148.01,152.05,8230000.0
2012-04-11,ITC,151.75,152.55,150.09,152.31,9470000.0
2012-04-12,ITC,151.58,155.79,151.58,155.63,19550000.0
2012-04-13,ITC,155.63,159.67,154.34,156.62,14550000.0
2012-04-16,ITC,156.29,160.44,155.56,159.81,5950000.0
2012-04-17,ITC,162.82,164.08,158.81,163.22,8160000.0
2012-04-18,ITC,163.29,164.45,159.57,160.27,13020000.0
2012-04-19,ITC,160.9,162.29,158.28,161.79,9550000.0
2012-04-20,ITC,161.5,164.02,160.87,162.56,6330000.0
2012-04-23,ITC,162.76,164.21,161.79,162.26,9890000.0
2012-04-24,ITC,162.52,162.92,157.68,162.46,9390000.0
2012-04-25,ITC,162.69,163.62,160.8,163.05,6290000.0
2012-04-26,ITC,163.35,165.67,162.09,165.11,10550000.0
2012-04-27,ITC,164.88,167.63,162.39,162.95,9280000.0
2012-04-28,ITC,163.72,164.25,163.42,163.68,150680.0
2012-04-30,ITC,164.41,165.28,162.49,162.76,4780000.0
2012-05-02,ITC,162.79,164.31,161.43,162.16,7180000.0
2012-05-03,ITC,162.69,163.05,159.77,160.24,5650000.0
2012-05-04,ITC,160.04,162.39,157.35,157.88,9590000.0
2012-05-07,ITC,155.79,158.45,154.7,156.69,7580000.0
2012-05-08,ITC,157.12,160.37,148.4,150.42,17030000.0
2012-05-09,ITC,152.48,159.77,150.56,159.04,19970000.0
2012-05-10,ITC,160.04,161.36,156.69,158.61,9770000.0
2012-05-11,ITC,157.58,157.92,153.37,155.3,7820000.0
2012-05-14,ITC,155.13,156.46,153.81,155.46,4980000.0
2012-05-15,ITC,154.14,156.19,152.55,153.04,7620000.0
2012-05-16,ITC,151.82,153.14,150.09,150.69,7650000.0
2012-05-17,ITC,151.82,156.89,151.82,155.63,15200000.0
2012-05-18,ITC,153.97,159.77,152.48,158.81,12560000.0
2012-05-21,ITC,158.88,159.74,155.13,155.7,6220000.0
2012-05-22,ITC,157.32,158.58,152.55,154.3,10250000.0
2012-05-23,ITC,153.18,154.47,152.48,153.61,6540000.0
2012-05-24,ITC,153.61,155.6,153.14,154.7,8680000.0
2012-05-25,ITC,154.47,156.46,153.01,153.71,13700000.0
2012-05-28,ITC,154.47,156.46,153.87,155.83,5300000.0
2012-05-29,ITC,156.29,156.42,152.48,153.08,7910000.0
2012-05-30,ITC,153.08,155.36,152.81,153.74,8150000.0
2012-05-31,ITC,151.95,154.14,150.82,152.05,30870000.0
2012-06-01,ITC,151.75,155.6,151.75,155.03,10130000.0
2012-06-04,ITC,154.07,155.3,152.05,152.55,6030000.0
2012-06-05,ITC,152.98,154.27,149.17,149.76,7610000.0
2012-06-06,ITC,149.76,157.12,149.76,155.5,15400000.0
2012-06-07,ITC,156.19,158.65,154.2,156.69,9900000.0
2012-06-08,ITC,156.95,159.97,155.63,158.58,7080000.0
2012-06-11,ITC,157.65,159.77,156.79,158.94,4970000.0
2012-06-12,ITC,157.22,161.93,156.16,161.13,6510000.0
2012-06-13,ITC,160.67,162.36,160.53,161.79,5590000.0
2012-06-14,ITC,161.13,164.84,161.13,162.23,8800000.0
2012-06-15,ITC,162.39,164.94,161.76,164.41,10440000.0
2012-06-18,ITC,164.08,165.74,160.77,161.23,5110000.0
2012-06-19,ITC,160.9,165.74,160.9,165.34,9330000.0
2012-06-20,ITC,165.34,165.51,162.32,163.12,6280000.0
2012-06-21,ITC,162.82,167.06,162.76,166.67,6960000.0
2012-06-22,ITC,165.74,167.73,163.58,166.07,3950000.0
2012-06-25,ITC,165.74,168.32,165.14,165.77,5240000.0
2012-06-26,ITC,165.31,165.64,163.29,163.78,6130000.0
2012-06-27,ITC,164.61,165.47,163.92,164.28,5050000.0
2012-06-28,ITC,164.41,167.53,163.85,166.6,12660000.0
2012-06-29,ITC,166.83,172.37,166.83,171.64,13680000.0
2012-07-02,ITC,171.81,172.63,164.05,165.77,14740000.0
2012-07-03,ITC,165.74,165.9,162.72,163.42,15080000.0
2012-07-04,ITC,164.94,165.01,162.09,163.19,8550000.0
2012-07-05,ITC,163.75,166.4,163.29,166.14,5620000.0
2012-07-06,ITC,166.4,168.06,164.88,167.56,6910000.0
2012-07-09,ITC,166.17,168.99,166.07,166.83,6680000.0
2012-07-10,ITC,166.9,171.84,165.14,171.31,9060000.0
2012-07-11,ITC,170.28,170.91,167.53,167.93,7360000.0
2012-07-12,ITC,168.06,170.25,166.5,166.87,4760000.0
2012-07-13,ITC,166.63,168.69,165.97,168.09,3500000.0
2012-07-16,ITC,167.53,168.79,166.37,167.1,2550000.0
2012-07-17,ITC,168.03,169.72,167.53,169.39,4700000.0
2012-07-18,ITC,169.98,170.18,168.23,169.02,4950000.0
2012-07-19,ITC,168.79,169.75,167.53,168.46,4430000.0
2012-07-20,ITC,167.66,169.02,167.26,167.63,2850000.0
2012-07-23,ITC,166.67,166.8,164.78,165.44,3850000.0
2012-07-24,ITC,166.24,167.33,164.81,165.94,5290000.0
2012-07-25,ITC,166.07,169.25,164.74,168.89,7940000.0
2012-07-26,ITC,169.58,170.38,164.48,165.37,21080000.0
2012-07-27,ITC,168.82,169.45,166.93,169.02,9640000.0
2012-07-30,ITC,169.62,171.57,168.72,171.18,8140000.000000001
2012-07-31,ITC,171.37,172.9,169.48,171.14,8780000.0
2012-08-01,ITC,171.01,172.04,169.92,171.74,2870000.0
2012-08-02,ITC,172.37,173.69,171.71,173.33,5250000.0
2012-08-03,ITC,172.27,172.97,170.81,171.94,3730000.0
2012-08-06,ITC,172.77,173.66,170.71,171.31,2880000.0
2012-08-07,ITC,171.41,173.6,170.45,173.23,5090000.0
2012-08-08,ITC,173.03,174.72,171.97,173.4,6930000.0
2012-08-09,ITC,173.3,176.91,173.3,176.08,7560000.0
2012-08-10,ITC,175.35,178.34,175.22,177.51,8279999.999999999
2012-08-13,ITC,177.24,178.3,175.15,176.94,7210000.0
2012-08-14,ITC,176.94,178.6,175.48,177.54,5320000.0
2012-08-16,ITC,177.24,178.0,170.71,171.27,14650000.0
2012-08-17,ITC,171.11,174.62,171.11,173.76,7810000.0
2012-08-21,ITC,173.76,173.83,171.94,172.87,9570000.0
2012-08-22,ITC,172.47,174.42,171.94,173.46,4440000.0
2012-08-23,ITC,173.83,175.65,173.36,175.19,7570000.0
2012-08-24,ITC,174.82,176.55,173.76,175.78,10740000.0
2012-08-27,ITC,175.72,176.51,175.02,175.92,2570000.0
2012-08-28,ITC,175.92,178.0,175.92,177.77,5810000.0
2012-08-29,ITC,178.27,178.87,176.84,178.57,5840000.0
2012-08-30,ITC,178.27,181.15,176.41,179.4,23960000.0
2012-08-31,ITC,179.0,179.33,176.55,177.44,7840000.0
2012-09-03,ITC,178.34,178.9,176.58,177.41,5980000.0
2012-09-04,ITC,177.08,178.24,176.11,176.68,3900000.0
2012-09-05,ITC,176.35,178.53,176.35,177.51,6390000.0
2012-09-06,ITC,177.04,177.31,172.43,172.67,6900000.0
2012-09-07,ITC,174.36,174.82,172.63,174.19,10290000.0
2012-09-08,ITC,174.19,174.85,174.09,174.59,210400.0
2012-09-10,ITC,174.95,176.01,173.86,175.45,6380000.0
2012-09-11,ITC,175.42,177.57,174.42,177.21,3740000.0
2012-09-12,ITC,177.51,179.0,176.88,178.53,5540000.0
2012-09-13,ITC,178.43,179.2,177.64,178.77,5420000.0
2012-09-14,ITC,180.06,180.85,176.91,177.84,16520000.0
2012-09-17,ITC,178.04,178.24,166.47,168.06,28470000.0
2012-09-18,ITC,168.36,171.21,166.93,168.52,13160000.0
2012-09-20,ITC,168.85,170.58,168.13,170.02,10860000.0
2012-09-21,ITC,171.04,175.39,170.28,173.43,18020000.0
2012-09-24,ITC,173.36,173.43,168.42,169.62,11320000.0
2012-09-25,ITC,169.65,173.56,169.05,172.9,10700000.0
2012-09-26,ITC,174.16,175.42,172.67,174.89,15390000.0
2012-09-27,ITC,175.09,177.67,173.76,176.98,18490000.0
2012-09-28,ITC,176.68,180.89,176.41,180.59,14170000.0
2012-10-01,ITC,179.99,182.31,179.4,181.15,7570000.0
2012-10-03,ITC,181.32,181.48,177.41,179.16,12840000.0
2012-10-04,ITC,179.2,183.27,179.2,182.51,9900000.0
2012-10-05,ITC,183.31,185.63,146.02,182.74,12240000.0
2012-10-08,ITC,182.78,185.23,181.68,184.14,8600000.0
2012-10-09,ITC,184.63,186.46,184.17,185.66,5780000.0
2012-10-10,ITC,185.3,186.82,184.3,186.29,6000000.0
2012-10-11,ITC,185.0,188.71,183.21,187.95,8790000.0
2012-10-12,ITC,188.78,189.08,186.69,187.95,4880000.0
2012-10-15,ITC,187.68,190.63,185.69,190.1,5150000.0
2012-10-16,ITC,188.94,191.2,188.35,189.9,6830000.0
2012-10-17,ITC,189.77,191.83,189.01,191.1,4380000.0
2012-10-18,ITC,191.26,193.58,189.7,193.32,12710000.0
2012-10-19,ITC,193.19,198.22,192.39,197.23,20220000.0
2012-10-22,ITC,197.56,197.76,193.02,194.91,10990000.0
2012-10-23,ITC,195.47,195.47,191.26,192.26,5300000.0
2012-10-25,ITC,193.12,194.91,191.36,193.62,11910000.0
2012-10-26,ITC,192.99,193.52,189.04,189.51,6250000.0
2012-10-29,ITC,189.61,192.26,189.44,191.1,4440000.0
2012-10-30,ITC,190.37,191.2,188.01,188.35,5180000.0
2012-10-31,ITC,188.91,189.31,186.52,187.32,5700000.0
2012-11-01,ITC,186.99,187.48,183.77,185.16,6570000.0
2012-11-02,ITC,186.62,190.14,186.56,187.75,10680000.0
2012-11-05,ITC,188.31,191.59,187.52,191.36,5840000.0
2012-11-06,ITC,191.53,193.05,189.57,191.69,5820000.0
2012-11-07,ITC,192.16,192.75,190.3,192.22,6320000.0
2012-11-08,ITC,190.93,193.22,190.57,191.59,3750000.0
2012-11-09,ITC,190.96,192.52,190.0,191.03,3810000.0
2012-11-12,ITC,190.87,192.26,187.75,188.15,5330000.0
2012-11-13,ITC,189.47,189.51,187.62,188.21,1010000.0
2012-11-15,ITC,187.52,187.52,182.68,183.27,12210000.0
2012-11-16,ITC,183.97,186.32,181.09,182.08,8210000.000000001
2012-11-19,ITC,181.68,187.42,180.99,186.75,8230000.0
2012-11-20,ITC,187.95,188.78,185.1,185.99,6720000.0
2012-11-21,ITC,185.99,190.43,184.7,189.67,8279999.999999999
2012-11-22,ITC,190.57,191.76,188.68,191.59,6130000.0
2012-11-23,ITC,191.56,191.56,187.55,190.0,3800000.0
2012-11-26,ITC,190.77,190.93,188.94,190.33,2140000.0
2012-11-27,ITC,190.33,195.57,190.27,195.07,9350000.0
2012-11-29,ITC,194.94,198.85,194.68,197.56,15520000.0
2012-11-30,ITC,196.33,198.22,194.78,197.89,8570000.0
2012-12-03,ITC,197.23,197.76,195.01,196.33,5490000.0
2012-12-04,ITC,195.41,196.37,194.25,195.67,4630000.0
2012-12-05,ITC,195.31,198.19,195.31,197.49,8910000.0
2012-12-06,ITC,197.86,200.35,195.57,199.78,8860000.0
2012-12-07,ITC,199.38,200.88,198.12,199.88,5130000.0
2012-12-10,ITC,199.28,200.64,197.56,200.18,4059999.9999999995
2012-12-11,ITC,200.18,202.67,199.58,201.07,8550000.0
2012-12-12,ITC,201.14,203.2,201.11,202.83,6980000.0
2012-12-13,ITC,202.27,202.47,193.78,195.74,18420000.0
2012-12-14,ITC,194.01,196.83,192.42,196.2,6710000.0
2012-12-17,ITC,194.61,195.57,193.42,194.28,5680000.0
2012-12-18,ITC,194.64,196.24,192.32,194.31,6360000.0
2012-12-19,ITC,193.82,195.84,191.43,192.32,15200000.0
2012-12-20,ITC,192.22,192.32,189.64,190.33,11470000.0
2012-12-21,ITC,189.37,191.89,186.62,190.3,35540000.0
2012-12-24,ITC,191.86,192.75,189.87,190.3,7330000.0
2012-12-26,ITC,190.6,192.92,189.37,192.59,6480000.0
2012-12-27,ITC,193.91,194.08,190.6,191.2,10650000.0
2012-12-28,ITC,190.4,192.26,190.4,191.86,5080000.0
2012-12-31,ITC,191.0,191.89,189.61,190.14,3420000.0
2013-01-01,ITC,190.5,191.73,190.04,190.43,3980000.0
2013-01-02,ITC,190.93,191.96,188.61,189.21,9800000.0
2013-01-03,ITC,189.67,189.94,187.48,187.98,6520000.0
2013-01-04,ITC,188.81,188.81,185.69,187.22,9040000.0
2013-01-07,ITC,188.48,188.94,184.63,185.0,12170000.0
2013-01-08,ITC,185.06,189.74,185.06,189.41,13430000.0
2013-01-09,ITC,188.78,189.41,184.77,185.3,10670000.0
2013-01-10,ITC,185.66,186.95,184.63,186.29,12520000.0
2013-01-11,ITC,185.46,186.09,180.39,181.25,13910000.0
2013-01-14,ITC,181.35,184.63,181.35,184.24,10280000.0
2013-01-15,ITC,184.47,189.08,182.15,188.35,17810000.0
2013-01-16,ITC,188.91,189.51,187.25,188.28,8930000.0
2013-01-17,ITC,187.68,190.17,186.62,189.14,12210000.0
2013-01-18,ITC,190.07,192.16,188.71,190.57,24560000.0
2013-01-21,ITC,191.59,193.58,189.8,193.28,20160000.0
2013-01-22,ITC,193.32,193.42,190.93,191.69,12640000.0
2013-01-23,ITC,191.93,194.54,191.43,194.08,11720000.0
2013-01-24,ITC,194.25,197.96,194.15,197.2,20120000.0
2013-01-25,ITC,198.22,199.22,197.0,198.72,20650000.0
2013-01-28,ITC,198.89,199.68,197.83,199.38,8350000.0
2013-01-29,ITC,198.29,203.36,198.29,202.3,14330000.0
2013-01-30,ITC,202.07,203.49,198.89,201.67,11140000.0
2013-01-31,ITC,202.63,205.12,200.94,203.96,13790000.0
2013-02-01,ITC,204.02,205.48,201.9,205.12,9910000.0
2013-02-04,ITC,205.12,206.11,203.03,203.69,11610000.0
2013-02-05,ITC,202.2,203.33,200.21,200.51,7980000.0
2013-02-06,ITC,201.11,202.8,199.62,202.1,12330000.0
2013-02-07,ITC,200.91,202.47,200.21,201.57,6480000.0
2013-02-08,ITC,200.21,203.1,198.36,200.05,11290000.0
2013-02-11,ITC,200.88,201.21,196.6,198.32,8050000.000000001
2013-02-12,ITC,197.89,199.52,197.56,198.92,6630000.0
2013-02-13,ITC,199.55,201.87,198.36,199.12,10590000.0
2013-02-14,ITC,199.12,200.18,198.29,199.38,11560000.0
2013-02-15,ITC,198.56,200.18,198.46,199.28,7010000.0
2013-02-18,ITC,199.19,199.48,198.06,199.09,11200000.0
2013-02-19,ITC,198.89,200.58,197.89,199.98,5590000.0
2013-02-20,ITC,200.84,202.67,198.46,198.89,11080000.0
2013-02-21,ITC,198.56,199.22,195.41,196.63,15480000.0
2013-02-22,ITC,196.24,197.73,192.66,193.58,9780000.0
2013-02-25,ITC,194.18,195.47,191.66,194.01,8250000.0
2013-02-26,ITC,194.25,197.79,191.46,192.82,10620000.0
2013-02-27,ITC,193.58,197.16,193.09,195.44,15950000.0
2013-02-28,ITC,196.14,201.47,193.05,195.44,48340000.0
2013-03-01,ITC,195.57,197.36,191.59,193.09,16860000.0
2013-03-04,ITC,193.09,194.94,188.68,193.91,13730000.0
2013-03-05,ITC,194.71,197.36,192.26,193.98,15230000.0
2013-03-06,ITC,196.14,196.14,189.84,190.3,14400000.0
2013-03-07,ITC,189.7,195.44,189.11,193.82,15830000.0
2013-03-08,ITC,195.21,198.22,193.88,197.36,9020000.0
2013-03-11,ITC,197.56,198.56,196.57,197.26,6630000.0
2013-03-12,ITC,196.83,199.19,195.7,198.12,6040000.0
2013-03-13,ITC,197.56,200.71,197.56,199.98,11210000.0
2013-03-14,ITC,199.98,201.47,198.89,200.15,8279999.999999999
2013-03-15,ITC,200.25,200.88,199.65,200.15,9440000.0
2013-03-18,ITC,199.42,202.47,199.25,201.7,6060000.0
2013-03-19,ITC,203.53,203.86,201.31,203.06,12760000.0
2013-03-20,ITC,202.2,204.19,201.64,203.66,15230000.0
2013-03-21,ITC,203.69,204.12,201.67,202.2,14060000.0
2013-03-22,ITC,203.13,203.53,200.98,202.6,7700000.0
2013-03-25,ITC,202.96,204.19,199.72,200.48,9200000.0
2013-03-26,ITC,200.88,204.19,200.21,203.1,8980000.0
2013-03-28,ITC,203.99,205.52,201.94,205.15,12480000.0
2013-04-01,ITC,204.85,205.45,202.67,203.66,4059999.9999999995
2013-04-02,ITC,203.26,204.59,201.8,203.63,6130000.0
2013-04-03,ITC,203.49,205.12,201.77,203.93,7240000.0
2013-04-04,ITC,203.46,203.76,197.96,198.59,6660000.0
2013-04-05,ITC,198.52,198.52,192.26,193.12,10560000.0
2013-04-08,ITC,193.88,194.78,189.34,194.15,7560000.0
2013-04-09,ITC,194.41,195.87,189.57,190.4,9320000.0
2013-04-10,ITC,192.92,192.92,186.39,188.84,13420000.0
2013-04-11,ITC,190.67,191.49,187.85,189.14,15280000.0
2013-04-12,ITC,190.83,196.0,189.61,194.18,12940000.0
2013-04-15,ITC,193.58,199.48,191.73,198.85,11250000.0
2013-04-16,ITC,198.79,204.79,197.36,204.16,10080000.0
2013-04-17,ITC,204.19,208.17,203.59,207.57,11270000.0
2013-04-18,ITC,206.25,209.83,205.72,209.03,8830000.0
2013-04-22,ITC,207.94,210.82,207.54,210.16,6820000.0
2013-04-23,ITC,210.49,210.82,208.2,210.55,4370000.0
2013-04-25,ITC,209.06,214.3,208.96,212.05,18560000.0
2013-04-26,ITC,210.49,212.05,209.96,211.42,6460000.0
2013-04-29,ITC,210.89,215.46,209.93,215.23,6200000.0
2013-04-30,ITC,216.12,222.49,216.12,218.01,12820000.0
2013-05-02,ITC,217.15,222.06,215.59,221.13,9190000.0
2013-05-03,ITC,220.86,221.03,218.05,219.24,8680000.0
2013-05-06,ITC,218.78,220.43,215.73,216.26,3960000.0
2013-05-07,ITC,216.19,222.75,216.19,222.29,7670000.0
2013-05-08,ITC,223.25,228.59,221.66,227.26,7130000.0
2013-05-09,ITC,228.36,229.35,226.5,228.39,6000000.0
2013-05-10,ITC,227.79,234.79,226.73,234.12,9900000.0
2013-05-11,ITC,233.36,235.32,232.96,234.79,473560.0
2013-05-13,ITC,234.69,234.69,221.66,222.62,16420000.000000002
2013-05-14,ITC,224.68,225.31,220.8,222.65,10200000.0
2013-05-15,ITC,224.11,228.02,222.75,227.03,12400000.0
2013-05-16,ITC,226.17,227.73,220.53,223.42,11080000.0
2013-05-17,ITC,224.51,226.37,220.83,222.02,24400000.0
2013-05-20,ITC,222.09,226.8,221.43,221.86,11080000.0
2013-05-21,ITC,221.43,222.36,218.01,219.44,7710000.0
2013-05-22,ITC,218.21,223.42,218.21,222.45,9760000.0
2013-05-23,ITC,221.03,222.72,219.01,220.43,7730000.0
2013-05-24,ITC,221.43,221.53,217.91,218.71,10610000.0
2013-05-27,ITC,218.78,221.83,218.44,221.36,8010000.0
2013-05-28,ITC,220.53,226.63,220.5,225.41,8199999.999999999
2013-05-29,ITC,226.07,227.49,223.71,227.16,6840000.0
2013-05-30,ITC,227.0,235.95,226.66,234.89,16890000.0
2013-05-31,ITC,233.03,233.03,224.48,225.34,11130000.0
2013-06-03,ITC,225.84,226.66,220.9,222.79,7280000.0
2013-06-04,ITC,222.65,224.54,222.16,223.62,9250000.0
2013-06-05,ITC,222.42,223.38,219.01,221.43,8369999.999999999
2013-06-06,ITC,221.43,223.25,218.84,222.02,6390000.0
2013-06-07,ITC,220.76,224.41,219.54,221.33,6520000.0
2013-06-10,ITC,221.46,224.08,221.33,223.42,4780000.0
2013-06-11,ITC,221.96,223.58,220.76,221.66,9870000.0
2013-06-12,ITC,220.63,221.39,217.48,219.44,10110000.0
2013-06-13,ITC,218.21,219.01,214.47,216.79,12350000.0
2013-06-14,ITC,218.38,220.76,216.29,219.94,8109999.999999999
2013-06-17,ITC,220.63,220.63,216.19,220.0,5110000.0
2013-06-18,ITC,219.14,220.17,217.65,218.88,8100000.0
2013-06-19,ITC,218.74,219.24,216.92,218.71,6810000.0
2013-06-20,ITC,217.35,217.38,211.48,213.94,15620000.0
2013-06-21,ITC,213.47,215.33,210.49,213.7,10080000.0
2013-06-24,ITC,212.38,215.86,206.41,208.43,12690000.0
2013-06-25,ITC,209.83,213.14,206.18,211.95,12460000.0
2013-06-26,ITC,213.31,216.72,211.28,214.1,13190000.0
2013-06-27,ITC,216.06,216.72,210.19,213.27,15450000.0
2013-06-28,ITC,213.87,218.78,212.97,215.03,13820000.0
2013-07-01,ITC,215.46,216.65,213.8,216.09,13290000.0
2013-07-02,ITC,215.46,216.49,213.8,215.36,9030000.0
2013-07-03,ITC,214.67,217.12,212.25,216.36,10140000.0
2013-07-04,ITC,216.46,225.27,216.36,224.64,9650000.0
2013-07-05,ITC,226.73,228.72,225.8,227.13,6820000.0
2013-07-08,ITC,226.2,231.11,224.58,229.85,7950000.0
2013-07-09,ITC,229.02,231.94,229.02,230.34,6940000.0
2013-07-10,ITC,231.31,231.31,227.46,229.08,6720000.0
2013-07-11,ITC,233.26,234.95,229.25,234.29,6920000.0
2013-07-12,ITC,234.19,234.19,230.44,232.43,6390000.0
2013-07-15,ITC,233.59,234.26,230.58,233.76,6660000.0
2013-07-16,ITC,230.71,239.99,230.71,238.7,9760000.0
2013-07-17,ITC,239.33,245.56,239.16,244.2,17970000.0
2013-07-18,ITC,244.13,246.55,241.85,244.4,11440000.0
2013-07-19,ITC,244.3,246.55,242.11,244.66,8100000.0
2013-07-22,ITC,243.47,245.63,242.94,244.5,5950000.0
2013-07-23,ITC,245.53,249.34,244.93,249.11,7410000.0
2013-07-24,ITC,248.94,251.92,244.56,249.14,10690000.0
2013-07-25,ITC,247.88,247.95,235.85,237.94,21240000.0
2013-07-26,ITC,239.1,247.12,231.8,244.07,17560000.0
2013-07-29,ITC,241.98,243.77,235.75,237.31,7960000.0
2013-07-30,ITC,235.75,237.74,231.37,232.43,5590000.0
2013-07-31,ITC,232.03,235.28,222.79,226.53,19960000.0
2013-08-01,ITC,227.73,231.4,223.45,225.01,9550000.0
2013-08-02,ITC,225.41,228.06,218.54,220.73,9040000.0
2013-08-05,ITC,220.93,226.03,220.2,222.36,8640000.0
2013-08-06,ITC,222.32,222.62,218.11,218.94,11110000.0
2013-08-07,ITC,219.44,220.6,211.15,213.54,11840000.0
2013-08-08,ITC,213.54,216.92,212.41,215.69,9120000.0
2013-08-12,ITC,218.71,223.75,215.46,222.52,18350000.0
2013-08-13,ITC,223.68,224.87,220.5,221.56,14910000.0
2013-08-14,ITC,220.86,223.42,218.18,221.99,9640000.0
2013-08-16,ITC,221.43,224.08,210.49,212.41,18000000.0
2013-08-19,ITC,212.41,213.37,205.52,208.1,12380000.0
2013-08-20,ITC,206.97,213.94,200.88,209.03,18710000.0
2013-08-21,ITC,212.15,212.74,196.33,199.45,14920000.0
2013-08-22,ITC,199.55,205.98,192.26,204.16,20120000.0
2013-08-23,ITC,204.65,205.42,199.58,204.52,14740000.0
2013-08-26,ITC,205.68,207.27,202.9,203.86,8700000.0
2013-08-27,ITC,203.03,203.36,192.69,197.49,17310000.0
2013-08-28,ITC,196.24,202.07,189.08,197.69,20710000.0
2013-08-29,ITC,198.69,204.85,195.57,202.57,17360000.0
2013-08-30,ITC,202.86,206.84,198.89,204.65,17060000.0
2013-09-02,ITC,205.52,214.67,204.72,212.41,13710000.0
2013-09-03,ITC,213.07,214.57,195.97,199.35,20210000.0
2013-09-04,ITC,202.2,202.2,194.64,198.79,20960000.0
2013-09-05,ITC,204.02,209.76,203.86,206.94,13620000.0
2013-09-06,ITC,207.51,211.35,205.72,209.76,11030000.0
2013-09-10,ITC,212.15,224.34,211.48,222.69,18160000.0
2013-09-11,ITC,222.75,223.42,216.82,218.74,11300000.0
2013-09-12,ITC,219.94,224.68,218.28,223.08,16210000.0
2013-09-13,ITC,223.98,224.68,218.74,219.67,11010000.0
2013-09-16,ITC,222.12,224.74,219.01,221.39,10650000.0
2013-09-17,ITC,220.17,225.27,219.8,224.54,6580000.0
2013-09-18,ITC,226.07,228.72,224.87,227.76,10130000.0
2013-09-19,ITC,230.97,236.34,230.87,235.65,14780000.0
2013-09-20,ITC,235.28,237.34,229.58,235.55,12850000.0
2013-09-23,ITC,232.76,236.68,229.81,231.94,7870000.0
2013-09-24,ITC,230.24,234.45,228.85,231.34,12600000.0
2013-09-25,ITC,231.7,232.03,223.32,228.55,10850000.0
2013-09-26,ITC,227.59,232.03,226.07,231.57,11850000.0
2013-09-27,ITC,232.63,232.63,228.75,230.64,8279999.999999999
2013-09-30,ITC,228.95,229.71,224.31,225.67,8330000.0
2013-10-01,ITC,225.64,227.73,224.08,227.39,6400000.0
2013-10-03,ITC,229.38,229.38,223.42,224.58,11570000.0
2013-10-04,ITC,224.58,226.57,222.32,225.31,6660000.0
2013-10-07,ITC,224.68,226.03,220.1,225.44,7840000.0
2013-10-08,ITC,226.9,231.14,225.14,230.48,8390000.0
2013-10-09,ITC,230.38,232.37,227.76,231.07,7780000.0
2013-10-10,ITC,229.85,232.57,228.52,230.15,5130000.0
2013-10-11,ITC,231.11,232.0,225.87,226.86,5350000.0
2013-10-14,ITC,227.73,227.73,224.51,225.27,4019999.9999999995
2013-10-15,ITC,224.74,227.26,221.0,225.41,7520000.0
2013-10-17,ITC,225.41,229.71,224.87,229.05,6740000.0
2013-10-18,ITC,230.51,236.08,228.82,235.05,11750000.0
2013-10-21,ITC,235.35,236.01,227.39,228.52,9770000.0
2013-10-22,ITC,227.0,228.59,225.74,226.43,6530000.0
2013-10-23,ITC,226.83,228.39,224.41,226.47,7100000.0
2013-10-24,ITC,227.0,230.94,225.54,227.23,9660000.0
2013-10-25,ITC,228.65,230.05,222.75,225.44,8800000.0
2013-10-28,ITC,224.08,224.08,216.32,217.42,20200000.0
2013-10-29,ITC,216.99,220.13,214.13,217.38,17060000.0
2013-10-30,ITC,218.44,221.1,215.83,220.83,15700000.0
2013-10-31,ITC,219.67,223.08,219.01,222.09,16450000.0
2013-11-01,ITC,220.86,221.43,216.79,217.48,10340000.0
2013-11-03,ITC,219.44,220.07,218.84,219.17,1480000.0
2013-11-05,ITC,218.18,218.71,210.89,211.48,19510000.0
2013-11-06,ITC,212.15,213.84,210.29,211.28,9110000.0
2013-11-07,ITC,211.52,214.67,208.83,212.44,10820000.0
2013-11-08,ITC,212.71,214.6,210.29,211.85,6660000.0
2013-11-11,ITC,210.75,213.41,207.57,209.93,9420000.0
2013-11-12,ITC,210.82,212.74,210.02,212.08,6390000.0
2013-11-13,ITC,212.15,212.15,207.84,208.27,7400000.0
2013-11-14,ITC,206.84,210.82,206.84,208.47,6430000.0
2013-11-18,ITC,209.49,216.79,209.49,216.19,12530000.0
2013-11-19,ITC,216.72,217.22,213.8,214.47,7180000.0
2013-11-20,ITC,214.37,216.02,212.15,212.64,11260000.0
2013-11-21,ITC,211.68,212.15,206.25,207.47,9990000.0
2013-11-22,ITC,208.8,209.43,204.02,204.65,8950000.0
2013-11-25,ITC,206.41,210.09,206.18,209.63,6520000.0
2013-11-26,ITC,209.0,209.63,204.89,206.01,10220000.0
2013-11-27,ITC,204.89,208.96,204.89,208.27,7360000.0
2013-11-28,ITC,209.49,210.02,206.84,207.84,10170000.0
2013-11-29,ITC,207.54,212.81,207.54,212.41,7470000.0
2013-12-02,ITC,212.78,214.6,211.25,213.14,5090000.0
2013-12-03,ITC,213.44,213.44,210.46,211.62,5570000.0
2013-12-04,ITC,211.48,211.75,206.74,207.41,6590000.0
2013-12-05,ITC,209.49,211.12,203.89,204.69,15410000.0
2013-12-06,ITC,205.35,207.07,204.49,206.21,12720000.0
2013-12-09,ITC,209.49,210.55,205.95,207.54,9380000.0
2013-12-10,ITC,207.67,211.15,207.51,210.75,16110000.0
2013-12-11,ITC,210.16,213.31,210.16,212.71,10510000.0
2013-12-12,ITC,212.71,213.47,209.3,210.02,6250000.0
2013-12-13,ITC,209.23,210.49,207.07,209.03,7160000.0
2013-12-16,ITC,208.4,208.83,205.98,207.37,6390000.0
2013-12-17,ITC,208.73,209.39,206.91,209.03,8170000.0
2013-12-18,ITC,209.03,210.59,207.37,209.2,11980000.0
2013-12-19,ITC,210.16,210.49,206.25,207.94,11230000.0
2013-12-20,ITC,208.17,209.43,205.75,208.96,15030000.0
2013-12-23,ITC,208.96,212.08,208.73,211.62,8740000.0
2013-12-24,ITC,211.98,212.15,210.49,211.52,6600000.0
2013-12-26,ITC,211.55,213.07,210.62,212.31,15460000.0
2013-12-27,ITC,212.81,214.57,212.15,213.77,8180000.0
2013-12-30,ITC,213.47,214.8,212.15,213.74,5760000.0
2013-12-31,ITC,214.13,214.8,212.34,213.37,5210000.0
2014-01-01,ITC,213.67,214.4,212.88,213.74,1860000.0
2014-01-02,ITC,213.7,215.46,208.37,208.8,6780000.0
2014-01-03,ITC,208.83,209.49,205.75,208.67,12000000.0
2014-01-06,ITC,208.83,209.96,207.84,209.26,8160000.0
2014-01-07,ITC,209.83,210.42,207.34,209.96,7780000.0
2014-01-08,ITC,210.49,210.82,208.0,210.06,7480000.0
2014-01-09,ITC,209.96,209.96,207.27,209.23,7660000.0
2014-01-10,ITC,210.62,215.13,208.17,213.87,9190000.0
2014-01-13,ITC,214.53,216.32,213.87,215.76,6360000.0
2014-01-14,ITC,216.12,218.78,214.7,215.1,7570000.0
2014-01-15,ITC,215.53,218.44,213.04,218.01,8850000.0
2014-01-16,ITC,218.11,219.37,214.57,215.79,4750000.0
2014-01-17,ITC,216.12,217.45,213.8,215.36,11280000.0
2014-01-20,ITC,215.13,219.11,214.2,218.91,8610000.0
2014-01-21,ITC,218.94,220.33,217.78,218.15,6980000.0
2014-01-22,ITC,217.78,217.95,214.0,217.02,11370000.0
2014-01-23,ITC,216.36,218.78,215.66,218.08,6290000.0
2014-01-24,ITC,217.38,219.04,214.4,214.96,5130000.0
2014-01-27,ITC,212.48,215.79,211.25,214.93,9240000.0
2014-01-28,ITC,214.9,217.42,211.42,216.55,13110000.0
2014-01-29,ITC,216.99,217.78,214.93,215.46,9130000.0
2014-01-30,ITC,213.17,215.92,210.82,215.2,15340000.0
2014-01-31,ITC,215.39,215.92,213.54,215.53,9380000.0
2014-02-03,ITC,213.9,215.3,211.95,212.34,6620000.0
2014-02-04,ITC,211.15,215.96,209.43,215.39,12880000.0
2014-02-05,ITC,213.8,215.3,210.49,211.45,9120000.0
2014-02-06,ITC,212.15,215.66,209.83,215.16,11600000.0
2014-02-07,ITC,216.79,216.79,212.28,214.43,11930000.0
2014-02-10,ITC,213.84,215.69,212.81,215.46,6820000.0
2014-02-11,ITC,214.86,216.29,213.84,215.53,7580000.0
2014-02-12,ITC,215.79,216.79,211.48,212.51,9120000.0
2014-02-13,ITC,212.61,214.13,209.0,210.09,4139999.9999999995
2014-02-14,ITC,210.89,212.34,208.63,212.01,5810000.0
2014-02-17,ITC,212.81,213.64,210.52,212.21,4950000.0
2014-02-18,ITC,212.15,213.17,209.59,210.09,5850000.0
2014-02-19,ITC,210.69,211.38,209.56,209.93,3230000.0
2014-02-20,ITC,209.49,210.12,206.44,206.74,6810000.0
2014-02-21,ITC,207.84,210.72,207.24,210.55,6880000.0
2014-02-24,ITC,209.49,212.48,209.49,212.18,4150000.0000000005
2014-02-25,ITC,211.55,213.74,211.55,213.44,5350000.0
2014-02-26,ITC,214.0,218.68,213.8,217.95,11930000.0
2014-02-28,ITC,215.43,220.1,215.43,217.22,11910000.0
2014-03-03,ITC,217.32,219.41,216.16,218.25,9400000.0
2014-03-04,ITC,219.04,221.43,217.58,219.87,9290000.0
2014-03-05,ITC,219.94,221.39,218.41,220.96,6070000.0
2014-03-06,ITC,220.57,222.19,219.01,221.79,5680000.0
2014-03-07,ITC,220.17,225.01,219.44,224.18,20050000.0
2014-03-10,ITC,222.75,224.08,221.59,222.49,9000000.0
2014-03-11,ITC,222.36,222.95,217.98,221.43,9010000.0
2014-03-12,ITC,221.63,227.39,221.59,226.07,10330000.0
2014-03-13,ITC,226.3,229.91,226.27,227.66,6030000.0
2014-03-14,ITC,226.8,230.81,225.41,230.18,6640000.0
2014-03-18,ITC,232.03,236.68,230.48,235.95,13240000.0
2014-03-19,ITC,236.01,238.66,235.71,238.47,8510000.0
2014-03-20,ITC,237.7,237.7,233.56,235.88,11040000.0
2014-03-21,ITC,236.34,237.8,233.73,237.14,10780000.0
2014-03-22,ITC,236.81,237.14,235.75,236.41,182490.0
2014-03-24,ITC,236.05,240.85,235.58,239.1,10540000.0
2014-03-25,ITC,238.0,241.98,237.8,240.52,8670000.0
2014-03-26,ITC,240.65,241.02,234.52,238.03,14590000.0
2014-03-27,ITC,238.0,240.45,236.05,238.6,25480000.0
2014-03-28,ITC,239.66,239.66,234.69,237.64,9370000.0
2014-03-31,ITC,238.1,239.33,231.8,233.92,12000000.0
2014-04-01,ITC,234.36,234.42,229.28,233.33,9880000.0
2014-04-02,ITC,233.76,234.02,225.64,228.29,25120000.0
2014-04-03,ITC,228.45,230.48,225.9,229.32,10360000.0
2014-04-04,ITC,229.98,231.24,226.93,228.55,10310000.0
2014-04-07,ITC,228.55,229.91,225.84,229.02,11310000.0
2014-04-09,ITC,229.12,231.7,227.39,230.68,9050000.0
2014-04-10,ITC,230.84,231.84,227.39,227.96,10620000.0
2014-04-11,ITC,227.26,228.59,225.64,227.73,11680000.0
2014-04-15,ITC,227.2,228.02,223.22,226.03,6930000.0
2014-04-16,ITC,226.03,230.48,226.03,229.42,6540000.0
2014-04-17,ITC,230.18,234.52,228.06,234.19,8210000.000000001
2014-04-21,ITC,233.63,235.81,231.44,234.29,6630000.0
2014-04-22,ITC,233.96,234.72,231.4,232.53,4960000.0
2014-04-23,ITC,233.36,235.35,231.07,234.16,11320000.0
2014-04-25,ITC,234.49,236.01,227.06,227.69,6860000.0
2014-04-28,ITC,229.02,229.02,225.41,226.73,7290000.0
2014-04-29,ITC,226.07,227.33,224.41,225.6,6430000.0
2014-04-30,ITC,225.6,228.69,224.48,225.9,6460000.0
2014-05-02,ITC,226.13,227.06,225.41,225.57,4340000.0
2014-05-05,ITC,225.74,229.05,225.74,228.52,6560000.0
2014-05-06,ITC,229.38,232.7,228.92,230.68,7490000.0
2014-05-07,ITC,230.71,232.3,229.05,229.81,7040000.0
2014-05-08,ITC,230.05,230.61,225.8,226.83,8310000.000000001
2014-05-09,ITC,227.26,231.5,226.23,229.08,7910000.0
2014-05-12,ITC,228.95,238.66,228.72,238.1,11110000.0
2014-05-13,ITC,238.66,241.88,237.34,239.23,11040000.0
2014-05-14,ITC,239.53,244.63,239.53,242.41,10310000.0
2014-05-15,ITC,242.41,245.09,241.42,244.07,9560000.0
2014-05-16,ITC,245.16,256.9,233.69,236.64,38850000.0
2014-05-19,ITC,238.66,239.33,223.08,224.15,24230000.0
2014-05-20,ITC,226.73,235.35,221.79,225.97,9240000.0
2014-05-21,ITC,225.11,227.33,224.54,226.5,10660000.0
2014-05-22,ITC,227.39,230.38,225.64,229.25,10530000.0
2014-05-23,ITC,231.37,231.5,225.87,227.46,9990000.0
2014-05-26,ITC,229.25,230.58,225.5,228.49,12330000.0
2014-05-27,ITC,228.72,230.44,226.86,227.92,6850000.0
2014-05-28,ITC,228.06,228.19,225.8,227.29,6250000.0
2014-05-29,ITC,228.72,230.71,225.67,227.06,15310000.0
2014-05-30,ITC,228.59,228.59,222.85,226.57,11050000.0
2014-06-02,ITC,226.73,227.46,222.36,223.18,10860000.0
2014-06-03,ITC,220.96,222.42,219.44,221.03,10780000.0
2014-06-04,ITC,220.43,221.29,217.95,219.41,15070000.0
2014-06-05,ITC,219.47,222.69,216.12,221.26,21190000.0
2014-06-06,ITC,222.09,224.64,220.8,223.22,15430000.0
2014-06-09,ITC,224.48,225.97,222.29,224.05,12050000.0
2014-06-10,ITC,224.74,225.37,221.79,223.65,8490000.0
2014-06-11,ITC,224.74,225.21,219.11,220.96,16940000.0
2014-06-12,ITC,221.43,222.89,219.54,221.49,9820000.0
2014-06-13,ITC,223.32,223.32,220.0,220.5,8100000.0
2014-06-16,ITC,221.59,223.68,220.63,222.89,9770000.0
2014-06-17,ITC,222.72,224.18,221.66,222.79,5870000.0
2014-06-18,ITC,223.05,223.28,220.27,220.73,6610000.0
2014-06-19,ITC,221.99,223.35,220.9,222.92,8460000.0
2014-06-20,ITC,223.08,224.24,221.03,222.55,6730000.0
2014-06-23,ITC,222.09,222.09,207.17,208.8,32140000.0
2014-06-24,ITC,208.83,213.94,208.83,212.48,17410000.0
2014-06-25,ITC,211.55,211.95,209.16,209.53,13070000.0
2014-06-26,ITC,208.83,210.72,207.84,209.66,13150000.0
2014-06-27,ITC,210.16,212.78,209.56,211.98,11020000.0
2014-06-30,ITC,212.54,217.05,212.51,215.49,21490000.0
2014-07-01,ITC,217.18,217.18,214.8,215.59,14410000.0
2014-07-02,ITC,216.22,218.91,215.79,218.34,8960000.0
2014-07-03,ITC,218.44,220.53,217.98,219.67,9740000.0
2014-07-04,ITC,220.23,222.16,218.74,221.03,10310000.0
2014-07-07,ITC,221.03,222.75,218.58,221.96,16399999.999999998
2014-07-08,ITC,221.43,223.71,219.77,222.62,15220000.0
2014-07-09,ITC,223.08,227.39,222.55,226.4,25290000.0
2014-07-10,ITC,225.77,231.37,223.42,226.83,40860000.0
2014-07-11,ITC,228.72,232.37,227.39,229.32,13900000.0
2014-07-14,ITC,230.21,231.57,226.27,228.69,6660000.0
2014-07-15,ITC,229.05,230.68,226.33,226.96,5690000.0
2014-07-16,ITC,226.53,228.85,225.41,228.19,8279999.999999999
2014-07-17,ITC,227.46,229.38,227.13,228.22,5500000.0
2014-07-18,ITC,227.39,230.05,226.53,228.12,5870000.0
2014-07-21,ITC,228.72,232.03,228.12,231.94,7870000.0
2014-07-22,ITC,232.7,234.59,231.84,233.96,7850000.0
2014-07-23,ITC,234.36,235.35,231.47,234.45,7750000.0
2014-07-24,ITC,234.69,236.74,233.69,236.31,6050000.0
2014-07-25,ITC,236.68,238.13,233.63,236.87,8180000.0
2014-07-28,ITC,235.52,237.5,235.08,236.81,4330000.0
2014-07-30,ITC,238.93,241.65,237.27,238.17,11410000.0
2014-07-31,ITC,237.34,238.66,234.69,236.05,9880000.0
2014-08-01,ITC,236.01,237.31,230.81,231.74,9190000.0
2014-08-04,ITC,234.69,235.35,231.57,235.02,6240000.0
2014-08-05,ITC,236.01,236.81,231.07,236.01,4790000.0
2014-08-06,ITC,234.95,235.58,228.12,229.42,7370000.0
2014-08-07,ITC,229.61,232.47,227.69,229.55,4740000.0
2014-08-08,ITC,228.89,231.7,227.53,231.07,4230000.0
2014-08-11,ITC,232.37,233.26,229.42,230.51,5390000.0
2014-08-12,ITC,231.84,231.84,227.73,230.08,4190000.0000000005
2014-08-13,ITC,231.7,237.34,230.38,236.87,10390000.0
2014-08-14,ITC,236.58,239.89,235.35,236.58,6620000.0
2014-08-18,ITC,235.08,235.35,229.75,232.47,6960000.0
2014-08-19,ITC,232.7,233.59,230.28,231.11,7750000.0
2014-08-20,ITC,232.7,232.7,227.99,228.69,6840000.0
2014-08-21,ITC,228.69,230.71,228.22,229.48,6000000.0
2014-08-22,ITC,229.55,230.61,226.43,227.82,6860000.0
2014-08-25,ITC,229.85,232.03,227.79,231.57,4050000.0
2014-08-26,ITC,232.0,234.55,231.74,233.66,5940000.0
2014-08-27,ITC,234.45,235.28,232.93,233.59,7140000.0
2014-08-28,ITC,233.36,236.68,233.26,235.55,12610000.0
2014-09-01,ITC,237.34,237.34,231.8,232.4,7070000.0
2014-09-02,ITC,232.37,236.15,231.37,235.15,7340000.0
2014-09-03,ITC,235.55,235.81,230.91,231.31,9830000.0
2014-09-04,ITC,231.77,233.92,231.44,232.3,8790000.0
2014-09-05,ITC,232.43,233.36,230.94,232.57,7310000.0
2014-09-08,ITC,234.02,235.35,232.2,234.65,6320000.0
2014-09-09,ITC,232.7,238.4,232.7,237.47,5790000.0
2014-09-10,ITC,236.68,236.68,232.53,232.73,10110000.0
2014-09-11,ITC,232.73,233.99,231.7,232.83,8810000.0
2014-09-12,ITC,232.83,237.31,232.8,235.78,8150000.0
2014-09-15,ITC,234.98,235.35,232.03,233.16,6350000.0
2014-09-16,ITC,233.1,235.55,232.03,234.12,7800000.0
2014-09-17,ITC,234.36,237.67,233.23,235.18,9330000.0
2014-09-18,ITC,235.42,238.0,234.16,237.8,6350000.0
2014-09-19,ITC,237.34,239.19,234.82,238.27,8330000.0
2014-09-22,ITC,238.0,246.62,236.94,245.79,12630000.0
2014-09-23,ITC,245.29,248.54,243.84,245.82,13680000.0
2014-09-24,ITC,245.69,251.26,245.56,250.07,10120000.0
2014-09-25,ITC,250.27,251.86,246.82,249.7,13120000.0
2014-09-26,ITC,248.31,249.57,244.37,246.42,10180000.0
2014-09-29,ITC,245.76,247.22,241.65,242.71,3010000.0
2014-09-30,ITC,241.58,246.88,240.65,245.43,9820000.0
2014-10-01,ITC,245.29,245.29,240.89,241.38,3940000.0
2014-10-07,ITC,240.45,242.91,237.4,240.49,9720000.0
2014-10-08,ITC,240.65,243.93,240.16,242.44,8340000.0
2014-10-09,ITC,242.68,244.17,241.22,242.31,5980000.0
2014-10-10,ITC,241.71,242.18,233.59,234.09,5170000.0
2014-10-13,ITC,233.96,233.96,230.18,232.4,5510000.0
2014-10-14,ITC,232.4,233.36,227.73,230.05,7810000.0
2014-10-16,ITC,228.72,234.36,227.69,233.66,12750000.0
2014-10-17,ITC,233.29,238.6,232.93,234.65,11280000.0
2014-10-20,ITC,235.35,237.24,232.57,233.36,8039999.999999999
2014-10-21,ITC,233.43,233.96,230.71,232.93,6480000.0
2014-10-22,ITC,233.66,234.02,231.04,231.37,8140000.000000001
2014-10-23,ITC,232.1,232.9,231.47,232.3,703910.0
2014-10-27,ITC,232.86,232.96,230.71,231.74,5610000.0
2014-10-28,ITC,232.86,233.23,231.27,232.13,4910000.0
2014-10-29,ITC,233.96,235.35,232.23,234.98,6890000.0
2014-10-30,ITC,234.09,237.17,233.03,235.28,14850000.0
2014-10-31,ITC,236.58,238.66,233.53,235.48,14770000.0
2014-11-03,ITC,236.61,237.11,234.16,235.65,7440000.0
2014-11-05,ITC,235.81,238.53,235.68,238.1,7590000.0
2014-11-07,ITC,237.57,239.0,234.02,235.78,9340000.0
2014-11-10,ITC,236.01,246.95,235.81,246.42,23580000.0
2014-11-11,ITC,245.49,246.75,240.35,241.38,7220000.0
2014-11-12,ITC,241.48,245.29,241.42,244.96,6650000.0
2014-11-13,ITC,245.86,245.86,242.87,244.2,4850000.0
2014-11-14,ITC,244.03,245.72,243.54,244.76,7480000.0
2014-11-17,ITC,244.63,246.26,241.71,245.43,5990000.0
2014-11-18,ITC,244.8,246.42,243.64,245.46,9540000.0
2014-11-19,ITC,245.46,250.1,243.04,243.87,12720000.0
2014-11-20,ITC,244.63,246.22,244.03,245.33,5060000.0
2014-11-21,ITC,245.39,249.74,245.0,249.37,6650000.0
2014-11-24,ITC,246.62,249.24,246.62,248.58,8570000.0
2014-11-25,ITC,248.08,251.13,231.14,235.61,25210000.0
2014-11-26,ITC,237.67,242.84,237.4,240.92,21440000.0
2014-11-27,ITC,240.09,240.95,235.52,239.06,15980000.0
2014-11-28,ITC,239.06,242.64,238.66,240.75,10460000.0
2014-12-01,ITC,240.09,243.27,240.09,241.71,8220000.000000001
2014-12-02,ITC,241.58,243.24,241.05,242.51,8590000.0
2014-12-03,ITC,242.64,242.64,236.74,240.82,7860000.0
2014-12-04,ITC,247.32,254.58,247.32,254.01,26680000.0
2014-12-05,ITC,253.91,259.88,253.68,259.45,16280000.000000002
2014-12-08,ITC,260.67,264.98,260.08,263.72,15080000.0
2014-12-09,ITC,264.19,265.18,259.75,261.44,13880000.0
2014-12-10,ITC,262.36,262.86,256.13,261.87,9290000.0
2014-12-11,ITC,261.87,264.49,258.88,262.93,10810000.0
2014-12-12,ITC,262.53,265.38,260.54,262.33,8710000.0
2014-12-15,ITC,261.87,264.98,259.51,260.24,8570000.0
2014-12-16,ITC,257.89,258.55,250.53,252.32,13550000.0
2014-12-17,ITC,250.3,255.04,243.04,246.49,15640000.0
2014-12-18,ITC,250.93,250.93,241.98,248.51,6260000.0
2014-12-19,ITC,249.24,249.24,243.64,244.5,9430000.0
2014-12-22,ITC,245.03,250.73,244.63,248.01,16790000.0
2014-12-23,ITC,247.91,250.27,247.15,248.38,5070000.0
2014-12-24,ITC,248.28,250.9,243.47,246.22,20620000.0
2014-12-26,ITC,247.22,247.22,242.91,243.93,2910000.0
2014-12-29,ITC,243.37,246.26,243.3,245.19,3310000.0
2014-12-30,ITC,245.46,246.26,243.5,244.17,3160000.0
2014-12-31,ITC,244.6,245.69,243.64,244.43,3680000.0
2015-01-01,ITC,243.7,244.56,242.64,243.4,2540000.0
2015-01-02,ITC,243.47,245.39,243.47,244.17,6600000.0
2015-01-05,ITC,244.43,246.49,243.67,245.13,8240000.0
2015-01-06,ITC,244.4,244.9,238.0,238.83,13090000.0
2015-01-07,ITC,236.68,241.32,234.02,234.39,11960000.0
2015-01-08,ITC,235.65,240.89,235.65,240.26,8450000.0
2015-01-09,ITC,240.72,242.54,234.09,236.61,10810000.0
2015-01-12,ITC,236.97,239.56,236.08,237.24,9870000.0
2015-01-13,ITC,237.6,239.79,236.87,238.73,11620000.0
2015-01-14,ITC,238.47,238.47,229.45,230.58,16219999.999999998
2015-01-15,ITC,234.09,238.6,232.63,237.27,16050000.0
2015-01-16,ITC,237.64,239.96,234.92,238.73,10810000.0
2015-01-19,ITC,238.66,239.82,236.01,237.87,6850000.0
2015-01-20,ITC,238.07,246.52,237.4,246.02,12010000.0
2015-01-21,ITC,247.25,247.25,231.5,233.82,32450000.000000004
2015-01-22,ITC,234.02,238.53,231.27,232.47,29630000.0
2015-01-23,ITC,234.32,235.98,231.24,231.67,16750000.0
2015-01-27,ITC,232.03,239.33,231.6,238.76,25260000.0
2015-01-28,ITC,238.66,240.95,237.04,240.19,12320000.0
2015-01-29,ITC,240.65,246.62,238.66,245.43,21090000.0
2015-01-30,ITC,245.29,246.62,241.08,244.33,13920000.0
2015-02-02,ITC,243.3,244.76,238.27,239.1,8490000.0
2015-02-03,ITC,239.63,243.3,239.63,242.68,6300000.0
2015-02-04,ITC,243.64,245.63,242.21,243.7,5810000.0
2015-02-05,ITC,242.58,246.69,241.12,244.56,9480000.0
2015-02-06,ITC,242.71,248.21,242.71,247.61,7320000.0
2015-02-09,ITC,246.06,247.85,243.11,243.9,7190000.0
2015-02-10,ITC,244.03,246.62,243.24,245.23,8010000.0
2015-02-11,ITC,245.99,247.22,243.87,246.06,4550000.0
2015-02-12,ITC,246.62,246.62,241.75,245.56,5290000.0
2015-02-13,ITC,246.09,251.43,245.33,250.63,9030000.0
2015-02-16,ITC,250.86,259.22,250.6,258.29,11610000.0
2015-02-18,ITC,255.24,266.51,255.24,260.71,13670000.0
2015-02-19,ITC,260.51,261.01,254.31,258.06,6980000.0
2015-02-20,ITC,256.9,263.79,254.81,262.56,8930000.0
2015-02-23,ITC,261.87,264.39,258.06,258.72,5850000.0
2015-02-24,ITC,259.88,263.86,257.66,262.33,8240000.0
2015-02-25,ITC,263.59,265.18,260.84,264.98,15750000.0
2015-02-26,ITC,263.79,266.11,259.85,262.3,11700000.0
2015-02-27,ITC,261.74,262.96,254.61,261.01,34420000.0
2015-02-28,ITC,260.64,271.78,231.04,239.56,77910000.0
2015-03-02,ITC,237.34,237.34,226.73,227.56,50720000.0
2015-03-03,ITC,227.73,229.05,224.74,226.43,44990000.0
2015-03-04,ITC,228.72,232.57,227.33,228.22,32170000.0
2015-03-05,ITC,230.05,231.44,226.53,229.55,20500000.0
2015-03-09,ITC,227.86,228.65,223.58,224.31,16300000.0
2015-03-10,ITC,225.41,227.2,222.16,224.44,13040000.0
2015-03-11,ITC,225.64,225.87,223.78,224.21,12700000.0
2015-03-12,ITC,224.78,230.87,224.61,229.81,27320000.0
2015-03-13,ITC,230.91,232.03,223.22,225.01,15650000.0
2015-03-16,ITC,226.07,226.47,222.09,222.36,8600000.0
2015-03-17,ITC,225.07,225.84,222.92,225.41,10940000.0
2015-03-18,ITC,226.23,226.23,222.75,223.18,8760000.0
2015-03-19,ITC,224.41,225.97,219.77,221.0,10460000.0
2015-03-20,ITC,221.23,221.23,216.39,217.09,10570000.0
2015-03-23,ITC,216.36,218.64,215.46,217.05,11390000.0
2015-03-24,ITC,216.85,218.64,216.12,216.49,10720000.0
2015-03-25,ITC,217.88,217.88,216.12,216.62,7250000.0
2015-03-26,ITC,216.12,218.08,212.54,213.74,24190000.0
2015-03-27,ITC,214.8,215.63,208.9,210.49,21400000.0
2015-03-30,ITC,211.91,218.44,211.91,217.15,16520000.0
2015-03-31,ITC,217.98,217.98,214.8,216.02,12280000.0
2015-04-01,ITC,216.02,220.76,214.9,220.4,10840000.0
2015-04-06,ITC,218.34,226.5,218.18,226.07,19320000.0
2015-04-07,ITC,226.13,227.39,223.42,225.8,10550000.0
2015-04-08,ITC,226.73,230.01,226.4,229.55,12380000.0
2015-04-09,ITC,229.98,231.34,228.06,230.15,7670000.0
2015-04-10,ITC,230.05,230.44,226.9,229.81,5590000.0
2015-04-13,ITC,230.05,233.63,228.62,233.03,10890000.0
2015-04-15,ITC,234.69,237.74,232.96,235.32,17490000.0
2015-04-16,ITC,233.92,236.28,229.81,232.1,7870000.0
2015-04-17,ITC,232.37,234.19,230.51,233.26,8810000.0
2015-04-20,ITC,233.43,233.43,225.8,226.66,11280000.0
2015-04-21,ITC,226.63,231.17,226.07,226.7,10890000.0
2015-04-22,ITC,225.41,228.72,224.44,227.66,10770000.0
2015-04-23,ITC,227.66,229.71,224.28,226.8,8920000.0
2015-04-24,ITC,226.73,232.0,226.17,230.68,17320000.0
2015-04-27,ITC,231.31,233.23,228.19,228.62,9370000.0
2015-04-28,ITC,228.65,228.72,221.16,223.78,10690000.0
2015-04-29,ITC,222.12,222.75,216.99,217.55,10090000.0
2015-04-30,ITC,217.32,217.71,212.94,213.7,20040000.0
2015-05-04,ITC,214.4,219.37,212.21,218.91,7210000.0
2015-05-05,ITC,217.85,218.11,214.53,216.29,13460000.0
2015-05-06,ITC,216.12,217.35,209.63,211.05,20210000.0
2015-05-07,ITC,211.15,214.6,209.23,213.84,10600000.0
2015-05-08,ITC,215.83,218.31,213.9,217.45,12160000.0
2015-05-11,ITC,218.78,219.27,215.06,216.42,8800000.0
2015-05-12,ITC,217.12,217.45,214.2,214.96,14300000.0
2015-05-13,ITC,216.69,218.64,212.81,217.35,10630000.0
2015-05-14,ITC,216.79,216.79,213.74,215.26,8039999.999999999
2015-05-15,ITC,215.53,217.38,215.36,216.39,5450000.0
2015-05-18,ITC,216.99,221.36,216.29,220.76,6910000.0
2015-05-19,ITC,219.94,222.69,219.27,220.47,8570000.0
2015-05-20,ITC,220.43,221.56,219.11,220.07,5160000.0
2015-05-21,ITC,220.76,221.03,216.12,217.05,7180000.0
2015-05-22,ITC,218.11,220.93,215.76,218.21,12480000.0
2015-05-25,ITC,213.11,215.13,209.76,210.02,23430000.0
2015-05-26,ITC,210.49,210.49,207.34,208.17,11020000.0
2015-05-27,ITC,208.83,211.32,208.17,210.62,9130000.0
2015-05-28,ITC,210.89,213.77,209.83,213.11,20000000.0
2015-05-29,ITC,213.47,218.74,211.25,216.85,19800000.0
2015-06-01,ITC,215.79,221.26,215.79,220.13,10060000.0
2015-06-02,ITC,218.05,218.31,210.55,211.25,10850000.0
2015-06-03,ITC,208.04,208.07,199.28,201.8,20670000.0
2015-06-04,ITC,202.2,203.3,197.69,199.95,11010000.0
2015-06-05,ITC,199.85,204.12,195.57,201.74,16950000.0
2015-06-08,ITC,203.53,204.36,200.38,201.77,10290000.0
2015-06-09,ITC,200.15,200.88,198.69,199.28,9910000.0
2015-06-10,ITC,199.28,201.14,197.96,199.62,9500000.0
2015-06-11,ITC,200.21,200.21,195.7,196.93,11090000.0
2015-06-12,ITC,196.77,198.99,195.57,197.26,8330000.0
2015-06-15,ITC,196.9,200.71,194.91,197.89,8359999.999999999
2015-06-16,ITC,197.56,198.99,195.74,198.19,7930000.0
2015-06-17,ITC,197.89,200.94,197.06,199.62,10480000.0
2015-06-18,ITC,199.68,201.8,199.02,200.15,10880000.0
2015-06-19,ITC,200.74,202.5,200.48,202.2,8430000.0
2015-06-22,ITC,203.0,206.94,202.0,205.78,6930000.0
2015-06-23,ITC,205.78,208.83,203.93,208.53,7300000.0
2015-06-24,ITC,208.96,210.89,206.21,207.94,7100000.0
2015-06-25,ITC,205.91,209.13,205.35,207.07,10480000.0
2015-06-26,ITC,207.07,207.07,203.56,204.16,5300000.0
2015-06-29,ITC,202.33,206.15,201.37,205.48,9360000.0
2015-06-30,ITC,205.65,210.06,204.22,208.93,11210000.0
2015-07-01,ITC,209.0,209.76,207.17,207.9,8520000.0
2015-07-02,ITC,208.23,210.36,207.84,208.86,6320000.0
2015-07-03,ITC,208.37,210.09,207.07,209.23,4930000.0
2015-07-06,ITC,207.44,211.25,206.84,211.09,4260000.0
2015-07-07,ITC,211.25,211.68,209.56,210.39,7310000.0
2015-07-08,ITC,208.93,209.49,205.12,207.47,11180000.0
2015-07-09,ITC,207.37,208.76,205.42,205.91,6460000.0
2015-07-10,ITC,204.85,206.64,203.23,205.45,7220000.0
2015-07-13,ITC,207.51,209.76,204.82,208.57,6380000.0
2015-07-14,ITC,208.14,209.83,205.95,207.04,5260000.0
2015-07-15,ITC,206.41,208.96,206.41,208.17,5480000.0
2015-07-16,ITC,208.7,212.08,207.04,210.79,5620000.0
2015-07-17,ITC,211.18,214.73,210.59,213.67,5910000.0
2015-07-20,ITC,213.34,214.43,211.62,212.48,4760000.0
2015-07-21,ITC,212.48,213.77,207.17,207.77,6810000.0
2015-07-22,ITC,206.91,210.79,205.98,208.5,7760000.0
2015-07-23,ITC,208.9,210.46,206.84,208.9,5420000.0
2015-07-24,ITC,208.83,209.23,207.17,208.53,4040000.0
2015-07-27,ITC,206.51,207.74,205.38,206.61,5120000.0
2015-07-28,ITC,206.81,208.1,205.22,206.31,6540000.0
2015-07-29,ITC,206.18,206.84,199.28,201.54,9360000.0
2015-07-30,ITC,201.54,210.72,198.89,209.46,19970000.0
2015-07-31,ITC,210.79,217.05,209.03,216.12,16320000.0
2015-08-03,ITC,216.12,221.1,215.53,219.8,14350000.0
2015-08-04,ITC,219.74,219.8,215.16,218.71,9940000.0
2015-08-05,ITC,218.71,220.8,216.52,219.97,5710000.0
2015-08-06,ITC,219.14,219.44,214.8,216.29,8460000.0
2015-08-07,ITC,214.8,215.86,213.47,215.1,4470000.0
2015-08-10,ITC,215.13,216.95,211.72,212.78,5580000.0
2015-08-11,ITC,212.21,213.41,209.73,212.21,5320000.0
2015-08-12,ITC,212.15,212.15,209.49,209.99,11930000.0
2015-08-13,ITC,210.42,211.95,200.88,209.73,6640000.0
2015-08-14,ITC,210.49,212.31,208.57,210.92,7600000.0
2015-08-17,ITC,211.68,212.01,209.16,210.09,4330000.0
2015-08-18,ITC,209.83,211.22,207.24,208.73,9080000.0
2015-08-19,ITC,208.17,210.82,204.85,210.09,7370000.0
2015-08-20,ITC,210.89,219.01,209.73,218.34,18010000.0
2015-08-21,ITC,218.08,219.64,213.97,219.27,17770000.0
2015-08-24,ITC,212.84,218.44,209.23,212.28,16489999.999999998
2015-08-25,ITC,213.51,216.22,207.17,212.08,21280000.0
2015-08-26,ITC,210.55,212.71,207.9,210.59,16160000.0
2015-08-27,ITC,214.47,217.15,209.73,215.92,20040000.0
2015-08-28,ITC,218.34,218.34,215.26,216.79,9730000.0
2015-08-31,ITC,215.3,217.78,213.21,215.56,9630000.0
2015-09-01,ITC,213.8,214.73,208.37,209.13,9470000.0
2015-09-02,ITC,211.42,214.17,208.93,212.21,13010000.0
2015-09-03,ITC,211.72,215.26,211.55,212.15,10090000.0
2015-09-04,ITC,212.15,213.14,208.67,210.22,15720000.0
2015-09-07,ITC,209.69,211.81,206.28,207.8,7110000.0
2015-09-08,ITC,207.57,209.23,205.72,207.44,10240000.0
2015-09-09,ITC,209.0,209.76,207.41,208.43,6120000.0
2015-09-10,ITC,206.18,209.36,205.75,207.74,8970000.0
2015-09-11,ITC,208.63,209.59,206.94,208.0,6710000.0
2015-09-14,ITC,208.0,208.96,206.58,207.94,7470000.0
2015-09-15,ITC,207.51,210.75,207.17,210.42,5170000.0
2015-09-16,ITC,211.25,214.04,210.29,213.57,5590000.0
2015-09-18,ITC,215.46,217.45,208.67,210.82,12830000.0
2015-09-21,ITC,209.76,210.36,207.77,208.33,6800000.0
2015-09-22,ITC,209.43,210.99,205.52,206.94,14940000.0
2015-09-23,ITC,203.53,211.52,203.53,209.56,11650000.0
2015-09-24,ITC,208.7,214.37,208.5,213.84,14120000.0
2015-09-28,ITC,214.23,215.46,211.09,211.65,6360000.0
2015-09-29,ITC,211.45,215.46,210.16,212.41,8300000.000000001
2015-09-30,ITC,213.47,218.68,212.15,217.98,13460000.0
2015-10-01,ITC,216.82,221.33,216.82,217.95,6210000.0
2015-10-05,ITC,218.78,219.77,216.65,218.44,9320000.0
2015-10-06,ITC,220.1,227.82,217.98,227.29,10720000.0
2015-10-07,ITC,228.02,232.03,226.93,230.21,10710000.0
2015-10-08,ITC,229.88,229.88,222.36,224.81,9370000.0
2015-10-09,ITC,226.0,228.59,225.54,227.69,5530000.0
2015-10-12,ITC,227.43,230.97,224.64,225.9,6070000.0
2015-10-13,ITC,225.41,229.32,225.17,228.09,7010000.0
2015-10-14,ITC,228.19,229.15,227.06,228.12,9080000.0
2015-10-15,ITC,228.06,233.63,227.82,231.64,9500000.0
2015-10-16,ITC,230.74,232.03,227.73,231.24,9640000.0
2015-10-19,ITC,230.71,233.36,228.85,232.7,11190000.0
2015-10-20,ITC,232.37,232.86,230.58,231.14,7390000.0
2015-10-21,ITC,231.44,232.03,230.48,231.07,5470000.0
2015-10-23,ITC,232.1,237.97,232.1,237.57,8720000.0
2015-10-26,ITC,237.9,238.53,235.35,236.34,7900000.0
2015-10-27,ITC,235.15,236.64,234.19,236.01,14940000.0
2015-10-28,ITC,234.92,237.97,234.69,235.48,9710000.0
2015-10-29,ITC,235.42,236.01,230.11,232.03,7640000.0
2015-10-30,ITC,233.0,233.0,219.37,221.86,27780000.0
2015-11-02,ITC,220.76,225.21,218.74,223.55,10330000.0
2015-11-03,ITC,223.28,224.68,220.63,221.99,3910000.0
2015-11-04,ITC,223.32,224.21,221.43,222.55,4980000.0
2015-11-05,ITC,221.43,224.87,220.93,223.52,5390000.0
2015-11-06,ITC,222.52,225.04,222.09,223.88,4460000.0
2015-11-09,ITC,219.77,228.06,219.01,227.43,12000000.0
2015-11-10,ITC,225.94,228.75,222.19,223.25,7230000.0
2015-11-11,ITC,224.68,224.74,220.83,221.59,793040.0
2015-11-13,ITC,219.04,221.29,216.85,218.64,18630000.0
2015-11-16,ITC,218.78,224.74,218.51,224.28,8770000.0
2015-11-17,ITC,226.86,232.2,224.81,231.44,11570000.0
2015-11-18,ITC,232.7,232.8,228.12,230.61,9970000.0
2015-11-19,ITC,232.03,234.02,231.24,233.39,16940000.0
2015-11-20,ITC,233.53,233.53,227.46,228.36,9860000.0
2015-11-23,ITC,227.63,228.62,222.92,223.58,8990000.0
2015-11-24,ITC,224.84,225.14,220.3,222.69,13090000.0
2015-11-26,ITC,222.85,228.72,221.99,227.26,9420000.0
2015-11-27,ITC,228.32,228.72,224.64,228.29,5680000.0
2015-11-30,ITC,227.53,229.91,225.77,227.1,17260000.0
2015-12-01,ITC,228.85,230.05,226.07,229.55,10130000.0
2015-12-02,ITC,229.38,231.87,227.0,231.64,4640000.0
2015-12-03,ITC,229.45,230.64,226.93,227.63,5590000.0
2015-12-04,ITC,226.27,226.57,222.09,222.72,13620000.0
2015-12-07,ITC,222.09,222.69,205.88,207.87,50870000.0
2015-12-08,ITC,206.18,210.95,205.91,208.67,19000000.0
2015-12-09,ITC,211.81,211.81,209.0,210.42,15070000.0
2015-12-10,ITC,210.49,213.31,210.16,212.97,8330000.0
2015-12-11,ITC,212.81,213.77,209.1,212.81,9010000.0
2015-12-14,ITC,212.15,213.74,210.26,212.21,7290000.0
2015-12-15,ITC,212.15,214.73,210.82,214.1,10090000.0
2015-12-16,ITC,214.13,215.23,210.89,211.65,7800000.0
2015-12-17,ITC,211.95,213.31,209.69,212.48,8680000.0
2015-12-18,ITC,212.74,214.13,209.76,210.22,14230000.0
2015-12-21,ITC,212.15,217.09,210.19,216.49,8039999.999999999
2015-12-22,ITC,215.49,215.79,211.81,212.31,6090000.0
2015-12-23,ITC,213.47,214.8,212.15,213.14,5270000.0
2015-12-24,ITC,214.13,215.3,212.54,214.6,3660000.0
2015-12-28,ITC,213.94,216.82,213.77,216.26,9080000.0
2015-12-29,ITC,216.42,217.45,214.37,215.36,4440000.0
2015-12-30,ITC,216.46,217.12,214.96,216.49,4800000.0
2015-12-31,ITC,215.79,218.78,214.37,217.32,8029999.999999999
2016-01-01,ITC,217.18,218.11,215.89,217.12,1480000.0
2016-01-04,ITC,215.79,216.19,213.17,215.53,5910000.0
2016-01-05,ITC,215.53,216.39,214.83,215.36,5820000.0
2016-01-06,ITC,216.79,216.79,208.53,208.9,15230000.0
2016-01-07,ITC,208.04,208.04,204.62,205.25,11810000.0
2016-01-08,ITC,206.31,210.16,205.35,207.94,9840000.0
2016-01-11,ITC,205.52,210.02,205.35,209.53,6880000.0
2016-01-12,ITC,209.0,210.09,207.17,208.93,6950000.0
2016-01-13,ITC,210.39,212.41,208.6,209.33,6860000.0
2016-01-14,ITC,207.94,211.32,207.01,210.32,11490000.0
2016-01-15,ITC,208.9,210.42,207.04,208.1,7980000.0
2016-01-18,ITC,208.1,211.25,207.67,209.1,11830000.0
2016-01-19,ITC,209.0,210.49,206.81,208.2,6840000.0
2016-01-20,ITC,205.78,212.15,202.2,204.82,9640000.0
2016-01-21,ITC,206.61,206.61,201.31,203.13,12560000.0
2016-01-22,ITC,204.85,207.34,200.61,204.69,15240000.0
2016-01-25,ITC,202.43,206.74,201.57,205.12,9330000.0
2016-01-27,ITC,205.15,208.3,203.49,207.47,8510000.0
2016-01-28,ITC,207.31,213.37,206.61,211.18,13890000.0
2016-01-29,ITC,214.04,216.12,210.06,212.28,12500000.0
2016-02-01,ITC,211.25,215.46,208.73,215.3,7350000.0
2016-02-02,ITC,214.73,216.06,213.11,214.96,7070000.0
2016-02-03,ITC,213.31,214.96,211.88,213.44,4920000.0
2016-02-04,ITC,213.74,215.2,212.81,213.34,3190000.0
2016-02-05,ITC,214.13,216.09,213.47,214.76,6500000.0
2016-02-08,ITC,215.33,215.39,208.33,209.0,6270000.0
2016-02-09,ITC,207.67,208.0,205.35,207.11,11470000.0
2016-02-10,ITC,206.91,207.47,203.53,204.85,7870000.0
2016-02-11,ITC,205.98,205.98,197.2,197.93,14040000.0
2016-02-12,ITC,198.36,202.3,198.12,198.95,13200000.0
2016-02-15,ITC,200.88,202.86,197.83,201.34,12020000.0
2016-02-16,ITC,201.87,202.86,194.68,195.9,10580000.0
2016-02-17,ITC,196.57,200.08,191.63,198.79,13090000.0
2016-02-18,ITC,199.88,203.33,199.45,202.5,9390000.0
2016-02-19,ITC,202.2,202.93,199.55,201.9,6930000.0
2016-02-22,ITC,200.64,200.64,194.51,198.79,14700000.0
2016-02-23,ITC,197.53,197.53,194.01,194.78,8860000.0
2016-02-24,ITC,194.25,195.84,189.61,190.67,13820000.0
2016-02-25,ITC,188.68,192.46,188.28,189.74,14570000.0
2016-02-26,ITC,191.59,193.58,189.04,192.89,12010000.0
2016-02-29,ITC,192.26,199.98,177.67,196.0,76490000.0
2016-03-01,ITC,202.2,216.79,202.2,215.69,64900000.00000001
2016-03-02,ITC,217.45,221.36,211.12,211.85,23770000.0
2016-03-03,ITC,214.13,215.46,209.99,210.92,9850000.0
2016-03-04,ITC,212.15,213.31,208.67,208.96,11380000.0
2016-03-08,ITC,209.49,214.8,209.49,212.31,12620000.0
2016-03-09,ITC,210.16,212.61,207.31,212.08,20130000.0
2016-03-10,ITC,211.98,213.34,207.41,209.56,13400000.0
2016-03-11,ITC,209.56,213.47,208.83,213.01,11700000.0
2016-03-14,ITC,213.8,216.12,213.47,215.49,7420000.0
2016-03-15,ITC,216.12,216.12,208.83,209.83,15610000.0
2016-03-16,ITC,209.86,214.4,209.49,213.51,9370000.0
2016-03-17,ITC,214.3,215.46,213.14,214.57,12550000.0
2016-03-18,ITC,215.73,216.65,213.47,215.3,13850000.0
2016-03-21,ITC,216.62,222.89,216.29,219.74,16160000.0
2016-03-22,ITC,217.78,219.31,213.64,214.23,19050000.0
2016-03-23,ITC,215.46,215.53,212.38,214.96,15420000.0
2016-03-28,ITC,216.79,218.64,212.34,213.77,16440000.000000002
2016-03-29,ITC,212.91,216.82,211.48,212.15,18010000.0
2016-03-30,ITC,212.54,218.28,212.54,217.02,13900000.0
2016-03-31,ITC,215.99,220.43,215.39,217.62,27470000.0
2016-04-01,ITC,216.19,223.28,215.79,222.79,14300000.0
2016-04-04,ITC,216.79,220.76,216.16,219.24,13680000.0
2016-04-05,ITC,217.52,219.01,214.93,216.42,8630000.0
2016-04-06,ITC,216.69,218.05,215.46,216.06,6640000.0
2016-04-07,ITC,216.79,216.79,211.48,211.78,10030000.0
2016-04-08,ITC,211.81,213.77,211.48,212.94,4800000.0
2016-04-11,ITC,213.47,217.65,210.16,216.95,13830000.0
2016-04-12,ITC,215.46,215.89,212.81,213.74,5960000.0
2016-04-13,ITC,215.46,220.57,215.13,219.6,11940000.0
2016-04-18,ITC,222.09,224.31,219.47,222.36,14200000.0
2016-04-20,ITC,222.32,224.28,220.5,222.42,9000000.0
2016-04-21,ITC,222.49,223.08,217.18,218.74,6940000.0
2016-04-22,ITC,216.09,219.54,215.1,215.99,6270000.0
2016-04-25,ITC,213.01,215.79,212.41,212.78,6090000.0
2016-04-26,ITC,207.64,217.68,207.17,217.05,14470000.0
2016-04-27,ITC,216.16,221.76,216.16,221.13,9320000.0
2016-04-28,ITC,218.78,220.1,213.17,214.07,19470000.0
2016-04-29,ITC,214.23,216.19,212.21,215.43,10330000.0
2016-05-02,ITC,214.3,214.8,211.75,212.91,3260000.0
2016-05-03,ITC,213.21,214.43,208.17,209.53,10710000.0
2016-05-04,ITC,208.83,211.81,205.62,207.27,6170000.0
2016-05-05,ITC,206.84,212.34,206.58,210.59,6330000.0
2016-05-06,ITC,207.47,211.75,202.86,210.62,15580000.0
2016-05-09,ITC,212.15,216.06,211.81,215.33,8530000.0
2016-05-10,ITC,215.46,216.12,213.27,214.47,8250000.0
2016-05-11,ITC,212.15,213.31,209.56,210.82,10740000.0
2016-05-12,ITC,211.52,212.88,208.9,210.95,5570000.0
2016-05-13,ITC,210.82,213.27,208.93,211.72,9440000.0
2016-05-16,ITC,211.02,218.78,210.22,218.38,12970000.0
2016-05-17,ITC,218.78,221.06,217.91,219.11,11980000.0
2016-05-18,ITC,217.18,221.96,215.99,220.57,7620000.0
2016-05-19,ITC,221.43,221.43,213.8,215.36,8590000.0
2016-05-20,ITC,216.62,224.54,215.33,219.01,20260000.0
2016-05-23,ITC,231.8,235.02,225.07,229.95,52820000.0
2016-05-24,ITC,230.71,233.23,229.81,230.74,15670000.0
2016-05-25,ITC,232.3,236.97,231.94,236.05,9960000.0
2016-05-26,ITC,236.01,241.32,234.42,240.29,12590000.0
2016-05-27,ITC,240.62,241.25,236.15,238.2,10520000.0
2016-05-30,ITC,235.6,239.0,235.2,237.67,7360000.0
2016-05-31,ITC,237.33,239.63,232.83,234.03,14500000.0
2016-06-01,ITC,235.33,241.47,235.33,240.93,11950000.0
2016-06-02,ITC,239.9,240.33,235.47,238.67,13200000.0
2016-06-03,ITC,239.9,239.9,235.03,235.93,7110000.0
2016-06-06,ITC,235.8,237.97,234.23,237.07,7410000.0
2016-06-07,ITC,238.0,242.5,238.0,241.83,10600000.0
2016-06-08,ITC,242.67,243.33,240.47,241.87,7330000.0
2016-06-09,ITC,241.73,241.97,235.07,236.07,11620000.0
2016-06-10,ITC,235.37,239.1,233.37,233.8,10750000.0
2016-06-13,ITC,232.4,235.7,230.43,233.27,11730000.0
2016-06-14,ITC,233.93,236.0,231.87,235.53,7560000.0
2016-06-15,ITC,236.0,240.0,235.83,239.7,9520000.0
2016-06-16,ITC,239.6,239.6,234.07,236.6,8720000.0
2016-06-17,ITC,236.9,240.47,236.9,239.9,8980000.0
2016-06-20,ITC,240.33,240.67,236.73,238.7,8690000.0
2016-06-21,ITC,238.33,239.8,237.0,239.0,6660000.0
2016-06-22,ITC,237.3,239.43,235.03,236.47,8910000.0
2016-06-23,ITC,236.67,241.0,236.67,240.17,8660000.0
2016-06-24,ITC,235.03,240.07,233.47,236.07,12050000.0
2016-06-27,ITC,236.07,240.93,236.07,239.3,10250000.0
2016-06-28,ITC,240.0,246.1,239.3,245.67,15700000.0
2016-06-29,ITC,246.63,246.63,242.67,244.2,11550000.0
2016-06-30,ITC,245.33,247.8,244.1,245.6,20900000.0
2016-07-01,ITC,243.3,259.75,242.6,252.35,27940000.0
2016-07-04,ITC,254.0,254.0,244.0,244.9,14000000.0
2016-07-05,ITC,245.85,247.0,242.2,243.55,8990000.0
2016-07-07,ITC,244.5,248.65,243.9,247.0,8960000.0
2016-07-08,ITC,247.4,247.4,242.5,245.85,6900000.0
2016-07-11,ITC,248.3,251.6,246.75,249.15,7270000.0
2016-07-12,ITC,250.95,251.95,247.0,248.4,4139999.9999999995
2016-07-13,ITC,248.45,249.2,246.0,247.1,4340000.0
2016-07-14,ITC,247.0,251.0,245.1,248.7,6090000.0
2016-07-15,ITC,249.0,252.55,247.55,248.85,9350000.0
2016-07-18,ITC,249.05,249.95,247.6,248.9,6830000.0
2016-07-19,ITC,249.0,250.0,245.6,249.05,6720000.0
2016-07-20,ITC,249.05,252.0,247.95,250.25,9310000.0
2016-07-21,ITC,253.0,253.5,246.5,250.6,11720000.0
2016-07-22,ITC,253.15,256.2,247.15,249.85,15780000.0
2016-07-25,ITC,249.5,252.0,249.0,251.75,8870000.0
2016-07-26,ITC,251.65,253.55,250.5,251.75,6820000.0
2016-07-27,ITC,251.0,253.7,246.3,247.4,8900000.0
2016-07-28,ITC,249.4,255.4,248.25,254.3,11350000.0
2016-07-29,ITC,254.2,256.5,251.4,252.45,12130000.0
2016-08-01,ITC,252.0,255.2,249.55,250.6,9560000.0
2016-08-02,ITC,251.0,262.0,251.0,260.8,16780000.0
2016-08-03,ITC,260.0,260.0,251.25,252.7,10990000.0
2016-08-04,ITC,254.0,254.85,250.2,252.1,8660000.0
2016-08-05,ITC,252.15,256.5,251.1,252.55,4370000.0
2016-08-08,ITC,253.0,254.75,249.5,249.95,8420000.0
2016-08-09,ITC,250.0,250.0,246.1,247.65,9360000.0
2016-08-10,ITC,248.0,248.4,245.8,246.5,5260000.0
2016-08-11,ITC,247.0,252.8,246.55,251.65,10740000.0
2016-08-12,ITC,250.55,255.5,250.3,254.1,8279999.999999999
2016-08-16,ITC,254.25,258.0,253.45,255.1,10290000.0
2016-08-17,ITC,254.55,256.75,252.2,253.7,8330000.0
2016-08-18,ITC,254.4,255.4,251.5,252.15,6680000.0
2016-08-19,ITC,252.0,252.4,249.75,250.95,5330000.0
2016-08-22,ITC,251.65,254.75,251.5,254.1,4179999.9999999995
2016-08-23,ITC,254.4,255.0,250.3,251.4,6450000.0
2016-08-24,ITC,251.2,252.0,249.1,250.25,5380000.0
2016-08-25,ITC,252.1,255.0,250.25,253.45,9520000.0
2016-08-26,ITC,253.35,254.9,252.05,253.8,4750000.0
2016-08-29,ITC,253.0,253.95,251.05,252.8,4270000.0
2016-08-30,ITC,253.7,257.9,253.05,257.3,7690000.0
2016-08-31,ITC,258.3,261.5,256.4,260.05,12770000.0
2016-09-01,ITC,261.0,263.0,259.1,261.0,8369999.999999999
2016-09-02,ITC,262.0,263.7,260.25,262.9,9150000.0
2016-09-06,ITC,263.0,265.9,261.1,262.6,9170000.0
2016-09-07,ITC,264.0,264.95,262.0,262.8,6410000.0
2016-09-08,ITC,263.5,265.55,262.7,264.9,8320000.0
2016-09-09,ITC,263.0,264.45,257.05,258.3,9760000.0
2016-09-12,ITC,255.95,256.7,251.75,252.25,7340000.0
2016-09-14,ITC,251.0,253.1,249.55,251.85,12540000.0
2016-09-15,ITC,252.5,257.9,252.5,255.9,7780000.0
2016-09-16,ITC,256.0,262.2,255.4,260.35,14040000.0
2016-09-19,ITC,261.5,262.6,258.25,258.85,6470000.0
2016-09-20,ITC,259.2,259.25,255.25,256.95,6690000.0
2016-09-21,ITC,256.7,258.8,253.0,253.65,8800000.0
2016-09-22,ITC,255.45,257.2,253.75,255.25,7690000.0
2016-09-23,ITC,255.0,257.0,251.8,253.45,4950000.0
2016-09-26,ITC,253.0,253.25,247.5,248.05,9690000.0
2016-09-27,ITC,248.65,249.25,245.0,245.85,6640000.0
2016-09-28,ITC,246.3,249.4,245.5,246.95,7360000.0
2016-09-29,ITC,248.1,249.3,241.0,245.7,17430000.0
2016-09-30,ITC,245.65,246.95,240.5,241.35,9550000.0
2016-10-03,ITC,244.2,244.2,241.55,242.3,6470000.0
2016-10-04,ITC,243.0,243.95,240.35,241.2,7710000.0
2016-10-05,ITC,241.8,243.25,239.2,240.2,6230000.0
2016-10-06,ITC,242.0,242.0,235.65,237.4,8650000.0
2016-10-07,ITC,237.9,240.25,236.75,238.95,4010000.0
2016-10-10,ITC,242.0,242.6,239.55,240.1,5050000.0
2016-10-13,ITC,240.1,241.45,236.95,238.95,10680000.0
2016-10-14,ITC,239.0,240.5,238.05,239.9,9220000.0
2016-10-17,ITC,239.9,241.75,238.5,240.6,6140000.0
2016-10-18,ITC,241.0,246.55,240.3,245.95,11780000.0
2016-10-19,ITC,245.65,245.65,238.4,239.45,8410000.0
2016-10-20,ITC,241.0,241.35,238.1,239.35,4400000.0
2016-10-21,ITC,239.0,241.15,238.75,240.15,10590000.0
2016-10-24,ITC,241.0,242.0,239.7,241.35,9580000.0
2016-10-25,ITC,242.9,242.9,238.15,238.75,5950000.0
2016-10-26,ITC,239.85,242.5,233.5,238.75,23930000.0
2016-10-27,ITC,241.2,244.8,239.65,243.1,15350000.0
2016-10-28,ITC,244.3,244.3,239.5,243.1,9320000.0
2016-10-30,ITC,244.0,244.0,241.0,241.65,629940.0
2016-11-01,ITC,242.8,242.8,239.15,239.95,5520000.0
2016-11-02,ITC,237.0,238.95,235.1,237.3,4690000.0
2016-11-03,ITC,237.05,242.3,236.0,240.3,8870000.0
2016-11-04,ITC,251.5,256.4,247.05,249.05,35260000.0
2016-11-07,ITC,253.8,259.65,247.0,256.5,24270000.0
2016-11-08,ITC,256.5,257.4,252.2,255.6,9940000.0
2016-11-09,ITC,239.15,255.0,238.55,248.15,23030000.0
2016-11-10,ITC,252.85,253.0,245.55,251.05,11570000.0
2016-11-11,ITC,248.0,248.95,241.0,242.95,12740000.0
2016-11-15,ITC,241.95,246.9,235.8,237.5,21200000.0
2016-11-16,ITC,237.95,239.1,228.05,230.9,30670000.0
2016-11-17,ITC,228.45,234.0,228.4,231.5,9280000.0
2016-11-18,ITC,230.0,231.4,227.1,227.85,8260000.0
2016-11-21,ITC,228.2,228.6,223.6,224.2,7590000.0
2016-11-22,ITC,225.0,228.1,223.5,226.1,9220000.0
2016-11-23,ITC,227.25,227.8,223.5,224.65,10320000.0
2016-11-24,ITC,225.0,225.25,222.1,223.5,18000000.0
2016-11-25,ITC,224.5,230.45,223.05,228.8,7600000.0
2016-11-28,ITC,228.4,234.2,227.3,233.7,9120000.0
2016-11-29,ITC,233.05,235.65,230.25,231.05,8610000.0
2016-11-30,ITC,232.0,234.4,229.15,232.5,11080000.0
2016-12-01,ITC,232.8,235.0,231.05,233.5,5160000.0
2016-12-02,ITC,233.0,233.0,228.0,228.5,8369999.999999999
2016-12-05,ITC,228.9,233.2,227.45,232.55,5120000.0
2016-12-06,ITC,233.0,233.0,229.15,230.2,4910000.0
2016-12-07,ITC,231.5,231.5,226.5,227.2,8109999.999999999
2016-12-08,ITC,229.05,235.3,228.3,233.3,7370000.0
2016-12-09,ITC,234.05,239.6,232.55,236.15,8330000.0
2016-12-12,ITC,234.2,234.7,231.95,232.3,3040000.0
2016-12-13,ITC,234.8,236.9,232.2,235.65,7440000.0
2016-12-14,ITC,236.0,236.5,232.0,233.15,6310000.0
2016-12-15,ITC,232.0,234.4,228.5,229.7,5330000.0
2016-12-16,ITC,230.8,230.8,226.0,226.35,12930000.0
2016-12-19,ITC,225.35,229.0,225.35,227.0,5460000.0
2016-12-20,ITC,228.5,230.8,227.5,229.95,5920000.0
2016-12-21,ITC,229.0,229.8,225.5,226.3,12880000.0
2016-12-22,ITC,225.25,228.4,224.25,227.55,6420000.0
2016-12-23,ITC,227.5,227.5,223.8,224.7,10760000.0
2016-12-26,ITC,224.9,225.85,222.0,225.0,8740000.0
2016-12-27,ITC,226.0,234.9,224.35,234.05,15610000.0
2016-12-28,ITC,232.7,236.4,232.7,235.45,14170000.0
2016-12-29,ITC,235.3,237.0,232.3,236.0,14050000.0
2016-12-30,ITC,237.45,242.4,236.3,241.65,10420000.0
2017-01-02,ITC,242.0,242.25,238.6,240.95,4890000.0
2017-01-03,ITC,240.9,245.7,239.25,243.35,7510000.0
2017-01-04,ITC,242.85,247.0,240.1,245.45,9310000.0
2017-01-05,ITC,244.5,247.85,244.1,246.75,9180000.0
2017-01-06,ITC,247.0,249.0,242.2,242.7,8090000.0
2017-01-09,ITC,242.85,246.6,242.1,245.85,4850000.0
2017-01-10,ITC,246.0,249.85,245.7,248.95,11980000.0
2017-01-11,ITC,249.8,250.5,246.6,247.55,7640000.0
2017-01-12,ITC,247.7,247.7,244.15,244.65,5600000.0
2017-01-13,ITC,246.0,251.0,242.5,249.65,4380000.0
2017-01-16,ITC,249.25,250.85,247.1,248.8,4640000.0
2017-01-17,ITC,248.8,252.3,248.8,251.95,4810000.0
2017-01-18,ITC,251.6,254.3,249.8,250.85,7250000.0
2017-01-19,ITC,249.75,254.75,249.55,254.15,9180000.0
2017-01-20,ITC,254.25,256.3,253.7,255.4,10840000.0
2017-01-23,ITC,255.1,260.15,255.05,259.65,10690000.0
2017-01-24,ITC,259.6,260.75,257.35,259.85,8029999.999999999
2017-01-25,ITC,259.95,266.4,259.6,265.5,17450000.0
2017-01-27,ITC,263.5,266.95,256.1,257.4,24500000.0
2017-01-30,ITC,258.4,261.0,255.5,256.1,8910000.0
2017-01-31,ITC,256.2,259.95,254.6,258.1,10000000.0
2017-02-01,ITC,260.0,270.1,258.5,269.7,33840000.0
2017-02-02,ITC,271.0,279.9,269.5,274.3,29720000.0
2017-02-03,ITC,274.0,275.5,270.5,273.05,9010000.0
2017-02-06,ITC,274.9,279.0,274.1,276.8,8220000.000000001
2017-02-07,ITC,278.6,292.15,275.6,277.1,24320000.0
2017-02-08,ITC,275.5,279.0,272.0,274.8,10700000.0
2017-02-09,ITC,276.0,278.4,272.65,277.65,4880000.0
2017-02-10,ITC,278.7,279.1,271.55,273.35,7680000.0
2017-02-13,ITC,275.4,276.35,268.6,270.6,8970000.0
2017-02-14,ITC,270.0,273.5,269.15,270.8,6660000.0
2017-02-15,ITC,271.2,275.5,271.2,273.4,7540000.0
2017-02-16,ITC,270.05,271.5,265.7,266.65,10580000.0
2017-02-17,ITC,267.35,268.9,264.0,268.15,9340000.0
2017-02-20,ITC,266.0,267.45,265.55,266.05,5710000.0
2017-02-21,ITC,266.0,266.25,260.8,263.15,9870000.0
2017-02-22,ITC,264.4,266.25,261.65,263.45,8490000.0
2017-02-23,ITC,264.0,268.2,261.6,265.65,12360000.0
2017-02-27,ITC,265.55,266.0,257.85,264.6,5080000.0
2017-02-28,ITC,263.0,264.6,260.9,262.2,8240000.0
2017-03-01,ITC,262.4,269.7,262.4,268.5,14580000.0
2017-03-02,ITC,268.5,270.25,263.5,264.75,10070000.0
2017-03-03,ITC,262.0,263.4,258.15,261.55,9990000.0
2017-03-06,ITC,262.7,265.05,261.55,264.1,9560000.0
2017-03-07,ITC,264.3,265.0,261.15,264.25,6920000.0
2017-03-08,ITC,264.45,265.5,263.5,264.15,5770000.0
2017-03-09,ITC,266.1,266.3,262.3,264.95,9480000.0
2017-03-10,ITC,264.95,265.05,262.65,263.45,5660000.0
2017-03-14,ITC,266.2,271.65,265.2,267.1,17820000.0
2017-03-15,ITC,265.2,270.7,265.2,268.2,13940000.0
2017-03-16,ITC,270.25,271.25,267.5,268.45,8690000.0
2017-03-17,ITC,276.8,288.9,276.8,281.25,52010000.0
2017-03-20,ITC,282.9,284.2,277.8,281.9,15900000.0
2017-03-21,ITC,283.2,288.6,283.0,287.9,13230000.0
2017-03-22,ITC,285.0,287.85,278.6,279.85,12400000.0
2017-03-23,ITC,277.5,282.5,275.1,277.6,16900000.0
2017-03-24,ITC,278.85,283.0,278.75,281.0,7120000.0
2017-03-27,ITC,280.45,282.9,276.3,281.6,12150000.0
2017-03-28,ITC,281.6,282.2,280.05,280.5,6290000.0
2017-03-29,ITC,280.2,283.7,280.2,283.2,8500000.0
2017-03-30,ITC,284.0,284.65,280.05,282.75,14390000.0
2017-03-31,ITC,281.0,283.0,278.75,280.3,9560000.0
2017-04-03,ITC,282.8,283.6,278.65,281.55,7230000.0
2017-04-05,ITC,283.2,283.5,277.7,278.95,10290000.0
2017-04-06,ITC,278.2,279.15,273.2,274.1,15640000.0
2017-04-07,ITC,273.0,274.15,270.9,272.65,9130000.0
2017-04-10,ITC,275.0,275.0,272.1,273.55,5480000.0
2017-04-11,ITC,273.1,282.6,271.8,282.05,10930000.0
2017-04-12,ITC,281.7,284.8,279.55,281.9,7230000.0
2017-04-13,ITC,281.9,282.0,277.5,279.15,3930000.0
2017-04-17,ITC,276.55,282.5,275.55,279.1,4830000.0
2017-04-18,ITC,280.2,284.0,278.1,279.05,4330000.0
2017-04-19,ITC,281.15,281.5,277.85,278.7,4950000.0
2017-04-20,ITC,279.7,281.5,278.35,279.5,4240000.0
2017-04-21,ITC,282.0,282.0,272.7,274.35,8710000.0
2017-04-24,ITC,276.4,277.55,271.15,276.75,7120000.0
2017-04-25,ITC,278.0,282.0,273.9,281.3,12720000.0
2017-04-26,ITC,283.3,292.9,282.0,290.9,18940000.0
2017-04-27,ITC,291.4,291.9,284.5,285.8,13550000.0
2017-04-28,ITC,285.8,286.5,277.35,278.0,12370000.0
2017-05-02,ITC,280.5,281.3,276.5,279.2,7030000.0
2017-05-03,ITC,279.5,279.5,275.5,277.25,6040000.0
2017-05-04,ITC,277.9,282.2,276.15,281.2,7770000.0
2017-05-05,ITC,280.95,280.95,276.4,277.15,4040000.0
2017-05-08,ITC,277.55,278.5,272.55,272.95,10630000.0
2017-05-09,ITC,273.5,276.65,271.0,271.5,6750000.0
2017-05-10,ITC,272.2,275.7,272.0,273.95,4580000.0
2017-05-11,ITC,275.5,279.15,274.0,276.65,9420000.0
2017-05-12,ITC,277.3,277.3,274.05,274.95,4500000.0
2017-05-15,ITC,275.9,278.9,275.5,277.95,5460000.0
2017-05-16,ITC,278.5,284.3,278.0,283.45,11200000.0
2017-05-17,ITC,284.1,284.4,279.25,281.65,8300000.000000001
2017-05-18,ITC,278.0,281.05,277.05,277.9,7920000.0
2017-05-19,ITC,282.25,295.65,281.95,286.2,35720000.0
2017-05-22,ITC,292.45,304.8,291.3,303.6,35940000.0
2017-05-23,ITC,301.9,303.9,298.25,300.15,19780000.0
2017-05-24,ITC,300.0,301.95,297.9,299.9,9460000.0
2017-05-25,ITC,300.0,304.7,295.35,300.05,22770000.0
2017-05-26,ITC,302.0,313.8,299.55,309.1,21740000.0
2017-05-29,ITC,304.0,319.85,303.5,315.85,19670000.0
2017-05-30,ITC,312.9,315.2,310.05,311.45,8550000.0
2017-05-31,ITC,311.45,313.4,307.0,311.8,12310000.0
2017-06-01,ITC,312.0,316.75,310.8,314.2,8250000.0
2017-06-02,ITC,316.1,319.9,315.2,319.2,11070000.0
2017-06-05,ITC,315.0,318.25,313.3,317.45,9480000.0
2017-06-06,ITC,317.5,319.0,309.3,311.05,9840000.0
2017-06-07,ITC,311.3,314.75,310.35,312.25,11530000.0
2017-06-08,ITC,313.0,313.25,309.4,311.6,7780000.0
2017-06-09,ITC,310.75,312.6,304.7,306.0,10070000.0
2017-06-12,ITC,307.0,307.5,302.5,304.4,6270000.0
2017-06-13,ITC,305.05,306.0,302.2,305.25,5110000.0
2017-06-14,ITC,304.95,306.0,299.15,299.85,14570000.0
2017-06-15,ITC,302.95,302.95,299.5,301.9,7430000.0
2017-06-16,ITC,302.5,309.6,302.5,306.8,12320000.0
2017-06-19,ITC,309.0,311.85,308.1,310.9,6980000.0
2017-06-20,ITC,312.0,312.2,308.1,308.7,8260000.0
2017-06-21,ITC,309.4,311.0,307.2,308.95,8279999.999999999
2017-06-22,ITC,308.65,314.2,308.2,311.3,8940000.0
2017-06-23,ITC,310.0,312.9,308.6,311.0,7180000.0
2017-06-27,ITC,311.75,316.5,311.0,312.35,9690000.0
2017-06-28,ITC,311.6,311.6,307.1,308.35,7920000.0
2017-06-29,ITC,309.1,313.25,308.6,311.6,9930000.0
2017-06-30,ITC,310.25,324.7,310.25,323.65,23200000.0
2017-07-03,ITC,346.0,354.8,340.3,342.5,47080000.0
2017-07-04,ITC,342.8,343.45,336.25,337.25,11230000.0
2017-07-05,ITC,337.25,337.85,330.25,331.05,11980000.0
2017-07-06,ITC,334.3,338.75,331.3,337.1,13430000.0
2017-07-07,ITC,338.0,338.2,333.05,334.3,9920000.0
2017-07-10,ITC,341.0,367.7,331.0,333.3,1430000.0
2017-07-11,ITC,335.0,335.05,330.0,330.4,8340000.0
2017-07-12,ITC,328.4,333.6,327.4,328.85,10250000.0
2017-07-13,ITC,332.0,339.5,331.0,338.75,17490000.0
2017-07-14,ITC,339.95,339.95,334.8,337.15,5590000.0
2017-07-17,ITC,335.0,335.0,320.7,325.15,20320000.0
2017-07-18,ITC,292.65,292.65,276.4,284.55,149480000.0
2017-07-19,ITC,287.8,292.9,286.2,291.45,39130000.0
2017-07-20,ITC,294.0,294.9,288.4,289.5,15310000.0
2017-07-21,ITC,291.5,291.75,286.55,288.9,13170000.0
2017-07-24,ITC,290.0,295.35,288.1,293.25,17790000.0
2017-07-25,ITC,295.0,295.15,290.85,291.4,9560000.0
2017-07-26,ITC,292.0,294.25,291.5,293.65,9210000.0
2017-07-27,ITC,294.7,295.4,286.75,288.55,18890000.0
2017-07-28,ITC,294.3,294.75,287.15,291.55,18490000.0
2017-07-31,ITC,289.5,290.3,284.5,285.25,21250000.0
2017-08-01,ITC,285.3,288.55,285.0,287.85,13540000.0
2017-08-02,ITC,289.8,289.9,284.3,285.45,9870000.0
2017-08-03,ITC,285.0,285.4,280.65,281.4,10200000.0
2017-08-04,ITC,280.4,284.4,279.65,280.75,11280000.0
2017-08-07,ITC,281.6,283.0,279.45,279.85,8450000.0
2017-08-08,ITC,280.1,281.4,273.5,274.15,12740000.0
2017-08-09,ITC,274.0,275.4,270.4,272.85,9910000.0
2017-08-10,ITC,272.65,274.65,270.75,273.1,10000000.0
2017-08-11,ITC,271.0,274.45,270.1,271.5,14410000.0
2017-08-14,ITC,274.4,274.4,270.5,271.25,9690000.0
2017-08-16,ITC,272.0,281.75,271.35,279.2,18690000.0
2017-08-17,ITC,281.85,282.9,277.9,280.0,13700000.0
2017-08-18,ITC,279.25,284.0,276.8,281.85,14870000.0
2017-08-21,ITC,282.35,285.0,280.95,281.6,13090000.0
2017-08-22,ITC,282.0,285.0,280.35,282.9,11960000.0
2017-08-23,ITC,283.5,285.6,281.6,282.55,8750000.0
2017-08-24,ITC,282.0,283.5,281.1,281.45,10820000.0
2017-08-28,ITC,282.1,283.0,279.3,282.45,9970000.0
2017-08-29,ITC,282.35,282.9,279.4,280.25,6140000.0
2017-08-30,ITC,281.15,282.9,280.6,282.0,6530000.0
2017-08-31,ITC,283.0,283.15,280.4,282.25,11220000.0
2017-09-01,ITC,282.2,284.35,280.7,283.6,7250000.0
2017-09-04,ITC,283.45,283.85,282.0,283.1,8480000.0
2017-09-05,ITC,282.65,283.9,281.6,282.85,7820000.0
2017-09-06,ITC,280.5,281.0,275.25,275.7,14170000.0
2017-09-07,ITC,277.0,277.55,269.55,270.4,19220000.0
2017-09-08,ITC,271.15,273.3,270.0,272.35,9720000.0
2017-09-11,ITC,272.4,274.4,271.5,273.6,9310000.0
2017-09-12,ITC,275.5,278.25,274.6,277.65,11460000.0
2017-09-13,ITC,277.4,277.5,270.95,271.5,12130000.0
2017-09-14,ITC,272.3,272.5,270.4,272.0,7040000.0
2017-09-15,ITC,272.0,272.75,268.2,269.3,13150000.0
2017-09-18,ITC,271.0,271.7,266.25,267.0,10150000.0
2017-09-19,ITC,268.0,270.0,264.1,267.85,33880000.0
2017-09-20,ITC,269.4,272.0,267.75,271.55,9600000.0
2017-09-21,ITC,272.0,272.4,267.1,269.55,7760000.0
2017-09-22,ITC,269.5,270.95,267.05,268.45,6880000.0
2017-09-25,ITC,268.5,269.65,260.9,262.25,17580000.0
2017-09-26,ITC,263.3,263.75,261.05,262.45,9580000.0
2017-09-27,ITC,265.1,265.5,256.8,258.5,17530000.0
2017-09-28,ITC,260.4,263.4,259.1,261.55,21600000.0
2017-09-29,ITC,262.8,262.9,257.45,258.3,12170000.0
2017-10-03,ITC,262.5,262.75,258.5,261.4,11500000.0
2017-10-04,ITC,264.1,268.5,263.15,267.4,10780000.0
2017-10-05,ITC,267.4,269.4,264.4,265.25,6940000.0
2017-10-06,ITC,265.8,267.5,264.65,266.15,7860000.0
2017-10-09,ITC,268.0,269.15,266.4,268.0,6090000.0
2017-10-10,ITC,267.1,267.9,265.15,266.2,5470000.0
2017-10-11,ITC,266.5,267.75,264.45,265.4,7660000.0
2017-10-12,ITC,265.55,269.2,264.0,267.0,9170000.0
2017-10-13,ITC,266.25,267.6,264.2,265.95,12040000.0
2017-10-16,ITC,266.0,269.95,265.5,267.5,9150000.0
2017-10-17,ITC,268.0,268.7,265.95,267.25,10630000.0
2017-10-18,ITC,268.0,270.75,267.1,270.35,7230000.0
2017-10-19,ITC,271.0,271.3,269.0,269.65,1240000.0
2017-10-23,ITC,270.0,272.75,265.8,267.05,9770000.0
2017-10-24,ITC,268.45,268.45,266.1,267.0,8400000.0
2017-10-25,ITC,268.4,271.5,268.2,269.25,5940000.0
2017-10-26,ITC,270.8,270.8,267.15,268.4,9260000.0
2017-10-27,ITC,270.6,276.0,267.45,269.35,22970000.0
2017-10-30,ITC,269.0,270.6,263.45,265.15,17590000.0
2017-10-31,ITC,266.05,266.95,263.9,265.7,8140000.000000001
2017-11-01,ITC,267.0,271.2,266.3,269.85,7240000.0
2017-11-02,ITC,269.7,269.95,265.3,265.65,9680000.0
2017-11-03,ITC,267.0,267.9,264.9,265.4,5980000.0
2017-11-06,ITC,266.25,267.9,264.3,264.9,9020000.0
2017-11-07,ITC,265.7,267.7,263.65,265.3,9510000.0
2017-11-08,ITC,265.35,266.5,264.7,265.4,5960000.0
2017-11-09,ITC,266.4,266.5,259.3,260.05,20250000.0
2017-11-10,ITC,260.55,265.2,259.4,261.7,16790000.0
2017-11-13,ITC,263.0,263.3,258.0,258.3,7400000.0
2017-11-14,ITC,258.5,260.85,256.0,256.55,8340000.0
2017-11-15,ITC,257.0,257.35,250.4,253.3,17010000.0
2017-11-16,ITC,254.7,255.6,252.4,255.1,9960000.0
2017-11-17,ITC,256.5,259.0,256.0,258.0,10000000.0
2017-11-20,ITC,258.6,260.7,257.25,259.2,7920000.0
2017-11-21,ITC,259.5,259.5,255.2,255.8,16629999.999999998
2017-11-22,ITC,256.0,258.65,255.6,258.15,8610000.0
2017-11-23,ITC,258.35,260.7,256.4,258.15,7520000.0
2017-11-24,ITC,258.5,261.45,258.05,260.75,7350000.0
2017-11-27,ITC,260.0,260.5,257.3,259.25,4840000.0
2017-11-28,ITC,259.1,259.2,256.0,257.0,17510000.0
2017-11-29,ITC,258.0,258.7,257.0,258.05,8700000.0
2017-11-30,ITC,257.9,258.2,254.65,256.05,22120000.0
2017-12-01,ITC,256.95,259.6,254.65,255.2,6590000.0
2017-12-04,ITC,256.0,256.3,253.55,255.1,6110000.0
2017-12-05,ITC,255.0,255.35,252.5,253.85,8990000.0
2017-12-06,ITC,253.25,253.25,250.85,251.6,8240000.0
2017-12-07,ITC,250.0,254.1,250.0,253.35,5430000.0
2017-12-08,ITC,253.75,263.2,253.4,262.2,13130000.0
2017-12-11,ITC,264.65,267.5,263.3,266.25,17180000.0
2017-12-12,ITC,264.5,265.2,260.5,261.55,9240000.0
2017-12-13,ITC,259.6,262.4,257.6,259.0,8650000.0
2017-12-14,ITC,260.9,266.15,257.55,264.25,8039999.999999999
2017-12-15,ITC,266.0,267.05,263.45,264.6,12270000.0
2017-12-18,ITC,265.5,265.5,259.05,263.2,9290000.0
2017-12-19,ITC,263.4,265.4,263.1,264.25,5880000.0
2017-12-20,ITC,264.7,264.7,262.7,263.3,7440000.0
2017-12-21,ITC,265.9,265.9,261.6,263.05,6770000.0
2017-12-22,ITC,263.5,264.2,262.15,263.1,6410000.0
2017-12-26,ITC,263.25,265.0,262.65,264.15,9550000.0
2017-12-27,ITC,264.2,264.3,261.65,262.15,6090000.0
2017-12-28,ITC,263.4,264.05,261.05,261.85,15890000.0
2017-12-29,ITC,262.5,264.0,262.25,263.25,6570000.0
2018-01-01,ITC,263.25,266.3,261.25,262.3,10460000.0
2018-01-02,ITC,262.6,264.2,260.45,260.75,5690000.0
2018-01-03,ITC,261.3,262.65,260.6,261.15,11020000.0
2018-01-04,ITC,260.95,262.75,260.6,261.55,9370000.0
2018-01-05,ITC,261.9,263.5,261.9,262.9,9210000.0
2018-01-08,ITC,264.0,266.8,263.25,265.6,14430000.0
2018-01-09,ITC,265.5,272.0,264.75,270.55,25740000.0
2018-01-10,ITC,273.45,274.0,269.05,269.4,16440000.000000002
2018-01-11,ITC,269.5,271.0,268.1,269.8,11290000.0
2018-01-12,ITC,270.25,271.35,266.15,267.55,8180000.0
2018-01-15,ITC,268.0,271.1,267.0,267.6,10540000.0
2018-01-16,ITC,268.2,268.7,260.8,261.7,12940000.0
2018-01-17,ITC,262.0,267.0,259.55,266.05,16379999.999999998
2018-01-18,ITC,268.0,275.25,266.65,273.4,26440000.0
2018-01-19,ITC,276.0,277.5,271.1,274.55,25710000.0
2018-01-22,ITC,275.0,275.5,271.7,273.65,8340000.0
2018-01-23,ITC,274.0,277.25,273.55,276.6,18240000.0
2018-01-24,ITC,276.65,282.0,276.05,281.45,17310000.0
2018-01-25,ITC,281.0,283.2,278.6,281.25,13120000.0
2018-01-29,ITC,281.15,283.3,275.0,275.65,9570000.0
2018-01-30,ITC,275.0,276.45,271.95,275.2,13060000.0
2018-01-31,ITC,273.9,276.0,269.85,271.4,18950000.0
2018-02-01,ITC,272.0,290.3,267.4,275.3,59360000.0
2018-02-02,ITC,274.4,285.65,270.8,275.35,35010000.0
2018-02-05,ITC,273.55,281.7,271.85,279.25,19710000.0
2018-02-06,ITC,269.95,277.3,268.15,273.5,15820000.0
2018-02-07,ITC,278.0,278.75,274.0,275.15,12960000.0
2018-02-08,ITC,275.7,276.9,272.65,274.1,9780000.0
2018-02-09,ITC,271.0,272.5,267.8,271.35,14200000.0
2018-02-12,ITC,272.45,273.85,269.3,269.85,6710000.0
2018-02-14,ITC,270.0,271.0,265.1,266.5,11300000.0
2018-02-15,ITC,266.5,269.9,264.8,268.1,11740000.0
2018-02-16,ITC,269.85,270.75,265.6,266.45,6160000.0
2018-02-19,ITC,266.0,267.8,262.5,264.1,6070000.0
2018-02-20,ITC,264.0,265.8,262.15,263.25,9300000.0
2018-02-21,ITC,264.0,268.95,263.45,268.2,10560000.0
2018-02-22,ITC,267.2,269.0,265.45,267.1,19120000.0
2018-02-23,ITC,267.45,270.0,266.1,269.05,6530000.0
2018-02-26,ITC,268.55,269.5,266.0,266.55,8380000.000000001
2018-02-27,ITC,268.0,268.2,265.5,266.4,7430000.0
2018-02-28,ITC,265.0,266.3,263.05,265.05,13450000.0
2018-03-01,ITC,264.2,266.1,262.85,264.0,7780000.0
2018-03-05,ITC,263.3,263.3,260.0,260.25,6620000.0
2018-03-06,ITC,261.05,262.4,255.5,256.5,8180000.0
2018-03-07,ITC,256.5,260.5,253.55,259.9,15150000.0
2018-03-08,ITC,260.3,261.9,257.75,258.85,6030000.0
2018-03-09,ITC,259.0,260.9,258.25,259.25,6110000.0
2018-03-12,ITC,264.0,270.85,262.95,270.1,19900000.0
2018-03-13,ITC,269.65,272.0,267.2,269.45,8330000.0
2018-03-14,ITC,268.05,269.05,265.3,268.05,7910000.0
2018-03-15,ITC,267.0,269.9,265.2,265.55,5560000.0
2018-03-16,ITC,266.4,266.4,258.85,260.5,20680000.0
2018-03-19,ITC,260.55,262.2,258.3,259.15,12930000.0
2018-03-20,ITC,258.15,259.95,257.5,259.2,7480000.0
2018-03-21,ITC,260.05,261.65,258.7,259.05,12920000.0
2018-03-22,ITC,260.0,261.45,257.85,258.3,8010000.0
2018-03-23,ITC,256.0,258.8,254.75,256.0,11190000.0
2018-03-26,ITC,252.9,260.0,252.5,258.1,12500000.0
2018-03-27,ITC,258.8,260.5,256.9,258.9,8770000.0
2018-03-28,ITC,258.0,258.95,254.35,255.5,12270000.0
2018-04-02,ITC,257.0,258.95,255.45,258.25,7030000.0
2018-04-03,ITC,258.0,260.0,257.5,258.5,5100000.0
2018-04-04,ITC,259.5,259.8,257.1,258.6,8390000.0
2018-04-05,ITC,255.5,260.0,255.5,259.65,9110000.0
2018-04-06,ITC,260.5,262.0,260.05,260.85,6100000.0
2018-04-09,ITC,261.15,266.6,260.9,265.8,9220000.0
2018-04-10,ITC,266.35,268.7,265.1,266.7,14680000.0
2018-04-11,ITC,266.9,267.55,263.4,265.15,5230000.0
2018-04-12,ITC,265.1,265.15,261.4,261.95,6130000.0
2018-04-13,ITC,263.0,263.5,260.0,260.75,4990000.0
2018-04-16,ITC,260.5,264.9,260.0,264.45,5210000.0
2018-04-17,ITC,265.4,268.4,262.7,267.6,13210000.0
2018-04-18,ITC,268.7,278.9,268.0,275.35,23820000.0
2018-04-19,ITC,277.25,280.0,275.25,277.35,12820000.0
2018-04-20,ITC,276.0,279.25,273.5,276.2,10790000.0
2018-04-23,ITC,276.0,277.2,275.0,275.5,11750000.0
2018-04-24,ITC,276.0,278.85,274.65,276.0,8450000.0
2018-04-25,ITC,275.5,276.3,272.7,274.1,4930000.0
2018-04-26,ITC,274.55,279.1,273.0,278.25,20280000.0
2018-04-27,ITC,279.6,280.95,278.4,279.4,9730000.0
2018-04-30,ITC,279.6,283.85,279.6,281.45,5920000.0
2018-05-02,ITC,282.1,288.7,280.25,287.25,16070000.0
2018-05-03,ITC,287.5,289.7,283.05,285.0,9370000.0
2018-05-04,ITC,287.0,287.0,275.85,277.15,10900000.0
2018-05-07,ITC,278.3,283.4,276.9,282.25,6480000.0
2018-05-08,ITC,283.15,285.95,282.0,282.7,6590000.0
2018-05-09,ITC,281.5,284.0,281.5,282.3,4210000.0
2018-05-10,ITC,282.95,283.95,277.3,280.15,5670000.0
2018-05-11,ITC,281.9,284.0,279.75,283.65,3890000.0
2018-05-14,ITC,283.0,287.3,282.0,284.8,6480000.0
2018-05-15,ITC,284.85,286.0,280.7,281.85,7780000.0
2018-05-16,ITC,279.95,288.8,279.55,285.85,18060000.0
2018-05-17,ITC,288.0,288.7,278.45,278.95,10760000.0
2018-05-18,ITC,278.55,285.55,276.0,282.3,15420000.0
2018-05-21,ITC,282.3,284.0,278.5,282.35,8580000.0
2018-05-22,ITC,282.0,283.1,278.05,278.75,4730000.0
2018-05-23,ITC,279.0,279.4,272.95,273.45,7890000.0
2018-05-24,ITC,274.0,276.8,271.75,274.85,6280000.0
2018-05-25,ITC,272.4,275.0,268.75,272.3,9240000.0
2018-05-28,ITC,274.0,277.5,272.4,275.3,7000000.0
2018-05-29,ITC,274.8,277.75,272.45,274.05,8830000.0
2018-05-30,ITC,272.5,273.7,270.65,271.9,8010000.0
2018-05-31,ITC,272.2,272.7,269.6,271.65,13210000.0
2018-06-01,ITC,271.15,271.7,269.1,269.95,6610000.0
2018-06-04,ITC,270.25,271.95,267.5,268.9,7980000.0
2018-06-05,ITC,269.0,269.85,266.85,267.5,5790000.0
2018-06-06,ITC,268.0,271.15,267.8,270.4,7300000.0
2018-06-07,ITC,270.5,272.3,270.1,271.05,6800000.0
2018-06-08,ITC,271.1,271.5,267.0,267.9,6770000.0
2018-06-11,ITC,268.5,271.9,268.15,269.25,8570000.0
2018-06-12,ITC,269.3,274.6,269.25,270.25,8450000.0
2018-06-13,ITC,271.5,271.8,267.2,267.85,7820000.0
2018-06-14,ITC,266.5,268.9,266.0,267.25,9170000.0
2018-06-15,ITC,267.5,267.75,263.6,264.5,10810000.0
2018-06-18,ITC,264.45,265.5,263.5,264.55,6280000.0
2018-06-19,ITC,264.9,267.15,262.65,266.05,7340000.0
2018-06-20,ITC,266.45,267.0,263.05,263.75,9540000.0
2018-06-21,ITC,264.4,264.8,260.4,260.85,7140000.0
2018-06-22,ITC,260.55,266.8,260.0,265.15,16820000.0
2018-06-25,ITC,265.15,265.4,259.75,262.6,13620000.0
2018-06-26,ITC,262.45,266.15,262.15,264.8,10090000.0
2018-06-27,ITC,264.9,265.0,261.5,262.75,10040000.0
2018-06-28,ITC,262.0,264.0,259.0,260.5,14640000.0
2018-06-29,ITC,261.8,267.55,260.3,266.2,10910000.0
2018-07-02,ITC,267.0,267.1,260.05,263.05,18100000.0
2018-07-03,ITC,263.5,266.75,261.15,265.45,10390000.0
2018-07-04,ITC,266.3,266.3,262.2,264.4,7880000.0
2018-07-05,ITC,264.6,273.8,263.5,272.5,15470000.0
2018-07-06,ITC,272.75,274.75,270.15,272.65,12940000.0
2018-07-09,ITC,275.0,276.0,272.2,274.4,9780000.0
2018-07-10,ITC,275.5,277.5,273.1,277.05,11490000.0
2018-07-11,ITC,276.85,280.3,273.75,275.75,11360000.0
2018-07-12,ITC,275.75,278.15,273.3,277.2,9900000.0
2018-07-13,ITC,278.0,278.3,269.2,270.4,18590000.0
2018-07-16,ITC,270.3,273.3,269.7,271.6,10280000.0
2018-07-17,ITC,271.05,273.0,269.3,269.85,10030000.0
2018-07-18,ITC,271.1,271.3,267.6,268.55,7050000.0
2018-07-19,ITC,268.9,274.6,266.25,273.3,8960000.0
2018-07-20,ITC,273.25,274.8,270.65,274.0,6570000.0
2018-07-23,ITC,279.5,286.65,277.15,284.15,26060000.0
2018-07-24,ITC,284.5,287.0,283.55,285.65,12110000.0
2018-07-25,ITC,284.25,286.95,283.2,286.15,13300000.0
2018-07-26,ITC,287.0,291.15,284.2,287.2,20700000.0
2018-07-27,ITC,300.0,307.15,295.0,302.55,75860000.0
2018-07-30,ITC,302.0,303.6,300.0,301.05,17080000.0
2018-07-31,ITC,300.75,301.35,295.55,297.7,14560000.0
2018-08-01,ITC,298.05,302.95,296.1,301.6,14620000.0
2018-08-02,ITC,300.5,303.5,297.3,299.2,9850000.0
2018-08-03,ITC,300.0,305.4,298.15,303.95,12470000.0
2018-08-06,ITC,305.0,306.9,300.0,301.8,7680000.0
2018-08-07,ITC,302.95,304.2,299.75,301.1,7190000.0
2018-08-08,ITC,300.25,302.4,300.0,300.95,6440000.0
2018-08-09,ITC,301.75,304.6,300.05,302.5,9220000.0
2018-08-10,ITC,302.0,306.9,301.15,304.8,14780000.0
2018-08-13,ITC,304.0,307.8,303.15,305.95,9960000.0
2018-08-14,ITC,307.0,310.2,306.85,307.9,12320000.0
2018-08-16,ITC,307.9,308.5,305.1,307.45,18670000.0
2018-08-17,ITC,307.8,315.3,307.8,313.75,25410000.0
2018-08-20,ITC,314.2,315.0,311.3,313.3,19220000.0
2018-08-21,ITC,314.5,317.0,312.0,312.9,13620000.0
2018-08-23,ITC,314.0,316.4,307.35,312.0,11310000.0
2018-08-24,ITC,311.0,312.0,307.0,310.4,5450000.0
2018-08-27,ITC,311.2,314.85,310.5,313.4,5280000.0
2018-08-28,ITC,314.0,315.8,311.0,311.65,6610000.0
2018-08-29,ITC,311.7,315.45,310.0,312.8,10350000.0
2018-08-30,ITC,313.5,320.6,313.5,319.85,24970000.0
2018-08-31,ITC,322.0,322.6,317.2,319.85,18080000.0
2018-09-03,ITC,322.95,322.95,311.05,313.2,9110000.0
2018-09-04,ITC,312.0,312.2,307.0,309.6,11180000.0
2018-09-05,ITC,310.4,314.45,309.25,310.25,10140000.0
2018-09-06,ITC,311.4,311.75,308.05,310.8,7610000.0
2018-09-07,ITC,311.6,313.2,308.1,310.45,7190000.0
2018-09-10,ITC,310.2,310.75,305.55,306.55,9640000.0
2018-09-11,ITC,306.65,306.75,295.55,297.2,26010000.0
2018-09-12,ITC,297.75,307.6,295.4,306.8,19420000.0
2018-09-14,ITC,307.0,308.65,305.05,307.15,12820000.0
2018-09-17,ITC,305.0,306.1,301.5,302.0,5830000.0
2018-09-18,ITC,302.2,304.9,299.3,303.25,8199999.999999999
2018-09-19,ITC,304.5,305.65,298.0,299.65,6150000.0
2018-09-21,ITC,300.4,306.6,300.4,303.95,16340000.0
2018-09-24,ITC,305.0,306.35,292.5,297.95,14450000.0
2018-09-25,ITC,296.9,302.35,292.35,301.15,13270000.0
2018-09-26,ITC,303.0,303.0,289.75,293.15,19890000.0
2018-09-27,ITC,293.5,295.1,289.5,293.3,12080000.0
2018-09-28,ITC,295.0,300.0,291.8,297.75,24610000.0
2018-10-01,ITC,300.85,302.95,293.4,297.1,9030000.0
2018-10-03,ITC,297.0,300.0,294.65,295.2,7570000.0
2018-10-04,ITC,293.85,295.7,285.15,287.1,8109999.999999999
2018-10-05,ITC,285.5,286.0,275.1,276.5,17620000.0
2018-10-08,ITC,279.0,279.4,269.15,273.2,16430000.0
2018-10-09,ITC,275.5,275.5,267.75,268.5,10540000.0
2018-10-10,ITC,269.9,271.15,267.2,270.1,11480000.0
2018-10-11,ITC,265.0,269.3,263.65,265.2,10610000.0
2018-10-12,ITC,267.5,277.65,267.3,275.2,13430000.0
2018-10-15,ITC,278.95,283.6,276.0,282.5,17930000.0
2018-10-16,ITC,283.0,283.75,276.35,282.65,11870000.0
2018-10-17,ITC,283.9,291.65,281.55,286.45,15310000.0
2018-10-19,ITC,285.0,291.55,284.75,289.45,8029999.999999999
2018-10-22,ITC,292.0,293.1,287.3,288.5,12480000.0
2018-10-23,ITC,286.0,291.2,283.55,286.0,10840000.0
2018-10-24,ITC,288.7,289.65,286.35,287.75,8690000.0
2018-10-25,ITC,286.0,289.5,284.5,287.55,9580000.0
2018-10-26,ITC,289.7,289.8,276.0,280.9,21480000.0
2018-10-29,ITC,281.9,285.25,278.95,283.5,11340000.0
2018-10-30,ITC,283.25,283.85,278.0,278.95,6850000.0
2018-10-31,ITC,279.55,281.0,272.85,280.1,13500000.0
2018-11-01,ITC,280.0,281.8,274.8,277.4,9450000.0
2018-11-02,ITC,278.3,285.95,278.3,283.25,11640000.0
2018-11-05,ITC,285.25,285.25,278.4,279.6,7380000.0
2018-11-06,ITC,281.1,281.85,276.1,277.3,9770000.0
2018-11-07,ITC,281.0,281.0,278.8,280.05,957140.0
2018-11-09,ITC,279.0,279.7,275.9,277.25,15030000.0
2018-11-12,ITC,277.8,278.2,273.25,273.85,7050000.0
2018-11-13,ITC,273.95,277.9,273.15,276.85,6700000.0
2018-11-14,ITC,278.1,278.4,274.65,276.45,6920000.0
2018-11-15,ITC,276.85,279.25,273.5,274.5,12150000.0
2018-11-16,ITC,275.8,278.3,275.25,276.55,12640000.0
2018-11-19,ITC,277.35,285.0,276.5,284.5,16719999.999999998
2018-11-20,ITC,285.0,286.65,281.8,283.85,7800000.0
2018-11-21,ITC,284.5,284.8,280.0,281.75,5650000.0
2018-11-22,ITC,282.0,284.5,279.6,280.5,6680000.0
2018-11-26,ITC,281.25,286.35,280.7,285.65,8950000.0
2018-11-27,ITC,286.1,286.45,282.8,284.85,6880000.0
2018-11-28,ITC,285.4,287.95,280.8,282.2,8860000.0
2018-11-29,ITC,283.65,289.3,283.45,287.55,13660000.0
2018-11-30,ITC,289.5,290.0,284.8,285.8,8640000.0
2018-12-03,ITC,287.25,289.5,282.55,282.95,8570000.0
2018-12-04,ITC,281.0,283.3,280.95,281.85,6310000.0
2018-12-05,ITC,281.0,281.8,274.2,275.35,11450000.0
2018-12-06,ITC,274.5,274.9,271.5,273.05,9680000.0
2018-12-07,ITC,274.95,276.2,273.3,274.05,8100000.0
2018-12-10,ITC,272.0,272.3,269.15,270.45,6680000.0
2018-12-11,ITC,268.4,276.05,268.2,274.7,10240000.0
2018-12-12,ITC,275.7,277.7,272.6,276.05,10080000.0
2018-12-13,ITC,279.0,279.4,273.5,275.3,15820000.0
2018-12-14,ITC,274.35,277.25,273.9,275.75,8590000.0
2018-12-17,ITC,277.0,281.4,275.9,279.85,12230000.0
2018-12-18,ITC,279.05,280.6,277.0,278.15,8830000.0
2018-12-19,ITC,279.0,284.0,278.5,283.45,13130000.0
2018-12-20,ITC,281.0,284.4,281.0,282.65,4960000.0
2018-12-21,ITC,283.0,284.0,276.05,276.75,6820000.0
2018-12-24,ITC,278.85,280.7,275.25,276.0,8540000.0
2018-12-26,ITC,276.35,278.8,274.8,276.65,8490000.0
2018-12-27,ITC,279.0,281.65,277.3,280.75,11440000.0
2018-12-28,ITC,279.15,284.0,279.15,282.25,13190000.0
2018-12-31,ITC,282.8,283.85,281.1,281.65,5450000.0
2019-01-01,ITC,282.2,283.55,279.8,282.7,2490000.0
2019-01-02,ITC,282.25,283.25,277.55,280.6,9930000.0
2019-01-03,ITC,280.6,282.45,277.75,278.85,6110000.0
2019-01-04,ITC,279.15,282.95,279.15,280.95,7810000.0
2019-01-07,ITC,284.3,285.25,281.0,281.65,9760000.0
2019-01-08,ITC,282.0,285.5,281.35,284.25,7480000.0
2019-01-09,ITC,285.6,291.7,284.6,290.4,12180000.0
2019-01-10,ITC,290.75,293.7,288.9,289.6,10290000.0
2019-01-11,ITC,291.9,296.0,291.5,295.35,16770000.0
2019-01-14,ITC,294.5,294.8,290.0,294.3,6400000.0
2019-01-15,ITC,295.25,297.4,294.0,296.55,7210000.0
2019-01-16,ITC,296.0,296.55,291.7,294.05,7780000.0
2019-01-17,ITC,294.1,295.6,290.15,293.95,10600000.0
2019-01-18,ITC,293.25,295.1,290.65,291.45,10990000.0
2019-01-21,ITC,292.85,293.2,288.7,289.9,8199999.999999999
2019-01-22,ITC,289.85,291.0,285.15,289.75,10330000.0
2019-01-23,ITC,291.5,294.4,275.0,277.3,40190000.0
2019-01-24,ITC,279.3,283.35,277.85,278.9,28030000.0
2019-01-25,ITC,280.0,282.7,278.5,279.2,8900000.0
2019-01-28,ITC,278.9,279.45,274.2,274.75,8990000.0
2019-01-29,ITC,275.3,279.0,274.75,278.45,7000000.0
2019-01-30,ITC,280.1,280.2,274.2,275.5,10450000.0
2019-01-31,ITC,276.5,279.6,273.6,278.65,15350000.0
2019-02-01,ITC,280.65,285.2,279.1,280.85,18350000.0
2019-02-04,ITC,281.9,281.9,276.05,277.1,6060000.0
2019-02-05,ITC,277.35,277.8,272.5,274.15,9830000.0
2019-02-06,ITC,275.0,278.4,274.55,277.7,8100000.0
2019-02-07,ITC,277.9,281.0,277.0,280.3,5950000.0
2019-02-08,ITC,279.5,281.2,274.6,275.5,4410000.0
2019-02-11,ITC,275.8,278.2,268.45,277.1,9950000.0
2019-02-12,ITC,277.05,280.5,274.6,275.3,7340000.0
2019-02-13,ITC,280.05,283.9,275.2,276.85,15340000.0
2019-02-14,ITC,277.0,280.2,277.0,277.9,9990000.0
2019-02-15,ITC,279.0,280.95,275.4,280.1,37550000.0
2019-02-18,ITC,278.8,282.45,273.9,274.7,40670000.0
2019-02-19,ITC,274.0,279.2,274.0,275.9,34450000.0
2019-02-20,ITC,277.25,277.5,274.25,275.85,5980000.0
2019-02-21,ITC,275.9,276.75,274.2,275.05,7000000.0
2019-02-22,ITC,275.6,275.95,273.1,274.3,8760000.0
2019-02-25,ITC,274.5,277.15,273.0,276.7,30050000.0
2019-02-26,ITC,274.95,277.0,274.05,275.5,11780000.0
2019-02-27,ITC,276.0,278.9,273.9,275.1,13130000.0
2019-02-28,ITC,277.3,277.3,274.25,276.05,43210000.0
2019-03-01,ITC,276.45,279.0,276.25,278.2,8830000.0
2019-03-05,ITC,280.0,284.0,276.05,282.55,13580000.0
2019-03-06,ITC,285.0,289.2,284.75,285.75,20050000.0
2019-03-07,ITC,286.7,291.0,285.85,290.1,14290000.0
2019-03-08,ITC,290.3,293.0,288.4,292.0,12680000.0
2019-03-11,ITC,293.0,294.9,291.1,292.95,14720000.0
2019-03-12,ITC,294.0,295.65,293.15,294.5,14140000.0
2019-03-13,ITC,295.0,297.0,294.15,294.9,11070000.0
2019-03-14,ITC,295.4,296.0,290.45,295.5,10110000.0
2019-03-15,ITC,295.95,296.55,289.35,290.8,21400000.0
2019-03-18,ITC,292.0,294.2,291.3,293.75,9170000.0
2019-03-19,ITC,294.6,300.0,293.35,299.45,15760000.0
2019-03-20,ITC,300.0,301.95,296.6,298.9,15620000.0
2019-03-22,ITC,300.0,300.0,296.55,298.2,8070000.0
2019-03-25,ITC,297.0,297.0,293.2,295.05,8020000.0
2019-03-26,ITC,295.0,296.35,291.05,293.4,10760000.0
2019-03-27,ITC,294.0,296.7,291.6,293.1,8430000.0
2019-03-28,ITC,294.1,302.0,293.0,300.0,17750000.0
2019-03-29,ITC,302.0,303.0,295.45,297.25,11910000.0
2019-04-01,ITC,297.0,299.2,296.55,297.25,6200000.0
2019-04-02,ITC,297.4,300.0,294.65,297.9,9850000.0
2019-04-03,ITC,298.0,299.0,295.15,296.15,9060000.0
2019-04-04,ITC,296.0,297.3,293.75,294.8,6970000.0
2019-04-05,ITC,295.05,296.4,292.65,294.55,7810000.0
2019-04-08,ITC,294.65,295.0,291.7,292.75,5290000.0
2019-04-09,ITC,292.5,296.7,292.25,296.3,6180000.0
2019-04-10,ITC,296.05,296.55,293.5,294.7,5330000.0
2019-04-11,ITC,294.55,297.45,293.0,296.4,10760000.0
2019-04-12,ITC,296.65,307.4,295.6,305.75,21820000.0
2019-04-15,ITC,307.9,310.0,304.35,305.5,12610000.0
2019-04-16,ITC,306.8,309.95,306.15,307.2,9750000.0
2019-04-18,ITC,308.25,308.25,303.55,304.4,8840000.0
2019-04-22,ITC,303.85,305.5,301.05,301.8,6670000.0
2019-04-23,ITC,302.15,304.8,301.55,303.4,7500000.0
2019-04-24,ITC,303.4,307.2,298.5,306.45,11450000.0
2019-04-25,ITC,307.25,309.8,302.0,304.15,23240000.0
2019-04-26,ITC,304.6,306.4,302.55,304.55,4650000.0
2019-04-30,ITC,304.55,307.55,299.5,301.35,11160000.0
2019-05-02,ITC,301.1,306.5,300.6,305.0,7490000.0
2019-05-03,ITC,304.25,307.45,303.3,304.25,5890000.0
2019-05-06,ITC,304.0,307.5,300.75,307.0,6740000.0
2019-05-07,ITC,308.25,309.5,300.85,301.9,8660000.0
2019-05-08,ITC,300.0,303.4,298.65,300.65,7880000.0
2019-05-09,ITC,299.4,301.3,296.35,299.85,10220000.0
2019-05-10,ITC,300.0,300.45,296.9,297.75,6900000.0
2019-05-13,ITC,295.1,303.5,287.7,289.3,35880000.0
2019-05-14,ITC,291.0,298.25,288.85,294.35,21150000.0
2019-05-15,ITC,297.55,299.3,292.0,297.05,17890000.0
2019-05-16,ITC,297.0,297.0,293.25,294.75,7350000.0
2019-05-17,ITC,295.1,302.35,295.1,301.4,11190000.0
2019-05-20,ITC,306.85,307.55,302.1,307.0,11010000.0
2019-05-21,ITC,307.0,310.0,305.3,305.9,10520000.0
2019-05-22,ITC,302.15,302.8,296.8,299.75,13740000.0
2019-05-23,ITC,305.0,305.6,287.0,288.2,31380000.0
2019-05-24,ITC,291.5,291.65,287.3,290.45,10880000.0
2019-05-27,ITC,291.25,293.55,289.05,290.85,9020000.0
2019-05-28,ITC,291.8,292.0,288.1,288.9,15600000.0
2019-05-29,ITC,288.8,291.7,287.6,288.1,7260000.0
2019-05-30,ITC,289.0,291.05,288.3,288.65,8660000.0
2019-05-31,ITC,289.35,291.5,277.45,278.55,26280000.0
2019-06-03,ITC,281.4,281.5,275.3,278.55,19570000.0
2019-06-04,ITC,279.25,282.15,278.8,279.25,13850000.0
2019-06-06,ITC,280.4,280.4,275.3,275.75,10660000.0
2019-06-07,ITC,276.8,276.8,274.2,275.25,7700000.0
2019-06-10,ITC,278.3,280.55,276.9,279.4,8620000.0
2019-06-11,ITC,280.9,281.4,279.2,279.85,8460000.0
2019-06-12,ITC,281.4,281.4,278.25,279.95,8250000.0
2019-06-13,ITC,278.9,281.35,278.55,280.6,7200000.0
2019-06-14,ITC,280.5,280.5,277.15,278.05,7910000.0
2019-06-17,ITC,278.85,278.85,274.45,275.0,10010000.0
2019-06-18,ITC,276.15,277.85,274.0,275.1,13850000.0
2019-06-19,ITC,275.7,278.9,275.6,277.2,9050000.0
2019-06-20,ITC,277.0,277.95,275.35,277.0,10570000.0
2019-06-21,ITC,276.65,276.65,273.25,274.25,18600000.0
2019-06-24,ITC,274.25,277.5,274.25,276.25,8940000.0
2019-06-25,ITC,275.05,280.0,274.25,278.5,12380000.0
2019-06-26,ITC,278.45,278.7,276.35,277.4,7420000.0
2019-06-27,ITC,277.95,278.2,272.8,273.5,23310000.0
2019-06-28,ITC,274.1,275.45,272.5,273.85,8450000.0
2019-07-01,ITC,274.4,276.25,274.15,274.95,5040000.0
2019-07-02,ITC,275.35,275.65,273.2,273.85,9980000.0
2019-07-03,ITC,274.3,277.55,272.15,276.7,18120000.0
2019-07-04,ITC,277.45,278.25,275.2,277.65,9700000.0
2019-07-05,ITC,277.65,281.85,268.0,279.45,37050000.0
2019-07-08,ITC,280.15,282.9,275.8,277.45,12170000.0
2019-07-09,ITC,276.95,277.55,272.15,273.1,7710000.0
2019-07-10,ITC,273.55,275.25,270.75,273.15,8160000.0
2019-07-11,ITC,274.0,276.9,273.6,275.65,8400000.0
2019-07-12,ITC,275.4,276.45,273.1,275.05,10470000.0
2019-07-15,ITC,275.0,275.6,270.55,270.95,8540000.0
2019-07-16,ITC,271.0,272.75,270.6,271.95,6360000.0
2019-07-17,ITC,272.45,273.15,270.7,272.9,6290000.0
2019-07-18,ITC,272.95,275.1,272.3,273.0,9100000.0
2019-07-19,ITC,274.1,274.25,268.0,268.3,7990000.0
2019-07-22,ITC,268.0,268.2,264.0,264.4,13520000.0
2019-07-23,ITC,265.5,271.7,265.0,270.65,14400000.0
2019-07-24,ITC,270.3,273.35,267.9,270.85,12070000.0
2019-07-25,ITC,271.0,272.5,266.9,267.85,17670000.0
2019-07-26,ITC,268.75,271.0,266.9,270.4,4790000.0
2019-07-29,ITC,270.0,271.15,266.5,267.75,5530000.0
2019-07-30,ITC,268.0,270.1,266.55,268.9,13230000.0
2019-07-31,ITC,268.6,271.1,266.0,270.2,13650000.0
2019-08-01,ITC,270.45,270.7,266.5,267.55,5930000.0
2019-08-02,ITC,267.2,267.2,263.1,264.5,8890000.0
2019-08-05,ITC,264.4,264.5,257.65,259.8,11560000.0
2019-08-06,ITC,258.75,261.5,258.15,258.9,9410000.0
2019-08-07,ITC,259.05,259.35,253.1,253.65,8490000.0
2019-08-08,ITC,255.0,258.7,253.0,257.75,6370000.0
2019-08-09,ITC,258.85,258.85,253.5,254.2,9930000.0
2019-08-13,ITC,253.8,254.0,244.0,246.3,20990000.0
2019-08-14,ITC,246.3,253.6,244.05,248.75,13810000.0
2019-08-16,ITC,248.75,253.4,247.4,253.0,10340000.0
2019-08-19,ITC,253.5,257.3,250.95,251.55,12520000.0
2019-08-20,ITC,251.6,251.95,245.45,246.5,15000000.0
2019-08-21,ITC,246.7,246.9,240.85,241.45,14740000.0
2019-08-22,ITC,242.2,246.0,239.0,240.05,10510000.0
2019-08-23,ITC,239.0,239.45,234.65,236.1,16440000.000000002
2019-08-26,ITC,240.7,243.45,234.95,242.5,12860000.0
2019-08-27,ITC,243.95,246.3,242.7,245.5,14530000.0
2019-08-28,ITC,246.15,247.65,243.1,245.95,8890000.0
2019-08-29,ITC,243.95,245.45,240.15,241.2,11110000.0
2019-08-30,ITC,242.75,247.2,239.05,245.65,11770000.0
2019-09-03,ITC,244.45,244.45,240.65,241.55,9550000.0
2019-09-04,ITC,241.6,244.55,241.3,243.25,7030000.0
2019-09-05,ITC,242.0,246.9,242.0,244.25,8450000.0
2019-09-06,ITC,244.3,245.85,243.25,243.9,8700000.0
2019-09-09,ITC,244.65,246.5,243.2,245.5,9090000.0
2019-09-11,ITC,244.6,245.45,243.0,243.75,8970000.0
2019-09-12,ITC,244.3,245.0,240.0,240.75,8080000.0
2019-09-13,ITC,241.0,242.45,238.6,239.9,14030000.0
2019-09-16,ITC,239.5,240.85,238.3,239.4,7080000.0
2019-09-17,ITC,239.8,240.1,236.8,237.2,10670000.0
2019-09-18,ITC,237.7,242.3,234.05,239.25,19960000.0
2019-09-19,ITC,239.95,239.95,236.1,236.7,8480000.0
2019-09-20,ITC,237.0,248.5,234.3,238.05,63570000.0
2019-09-23,ITC,250.0,260.5,249.9,254.85,52040000.0
2019-09-24,ITC,255.0,258.0,253.8,256.0,17170000.0
2019-09-25,ITC,255.1,256.25,242.7,247.55,20600000.0
2019-09-26,ITC,247.3,251.4,246.25,250.4,17850000.0
2019-09-27,ITC,250.0,258.0,250.0,252.95,17540000.0
2019-09-30,ITC,254.75,260.8,249.4,259.85,20590000.0
2019-10-01,ITC,259.1,262.45,255.0,255.9,15440000.0
2019-10-03,ITC,257.7,262.15,256.05,261.65,12360000.0
2019-10-04,ITC,263.0,263.9,255.2,257.25,18090000.0
2019-10-07,ITC,257.5,258.0,250.7,251.9,21260000.0
2019-10-09,ITC,251.3,252.2,246.3,247.1,21500000.0
2019-10-10,ITC,247.0,247.65,242.65,243.2,24290000.0
2019-10-11,ITC,243.2,246.2,241.1,243.95,25070000.0
2019-10-14,ITC,245.45,246.4,243.0,244.1,14710000.0
2019-10-15,ITC,245.05,249.2,245.05,247.6,9990000.0
2019-10-16,ITC,247.4,247.6,242.15,243.65,16059999.999999998
2019-10-17,ITC,244.0,246.7,243.85,245.85,13650000.0
2019-10-18,ITC,246.0,247.8,245.1,246.5,12830000.0
2019-10-22,ITC,245.0,251.1,244.95,248.9,18280000.0
2019-10-23,ITC,250.4,251.95,249.05,251.05,12830000.0
2019-10-24,ITC,252.6,254.0,247.95,249.05,16790000.0
2019-10-25,ITC,256.9,257.2,247.0,247.7,32590000.000000004
2019-10-27,ITC,249.95,251.1,249.7,250.4,3130000.0
2019-10-29,ITC,250.95,255.1,249.55,253.25,11940000.0
2019-10-30,ITC,256.0,264.0,254.3,259.4,34290000.0
2019-10-31,ITC,260.0,262.85,256.2,257.65,16649999.999999998
2019-11-01,ITC,259.35,263.0,258.75,261.3,12570000.0
2019-11-04,ITC,262.95,264.95,260.05,260.75,7900000.0
2019-11-05,ITC,261.0,264.0,258.6,262.9,10280000.0
2019-11-06,ITC,262.95,263.8,260.0,261.35,8860000.0
2019-11-07,ITC,262.9,266.3,262.0,265.85,14780000.0
2019-11-08,ITC,264.85,265.45,260.0,260.5,11900000.0
2019-11-11,ITC,260.6,262.35,258.8,259.45,7250000.0
2019-11-13,ITC,258.9,259.25,253.15,253.85,10270000.0
2019-11-14,ITC,254.1,255.9,253.25,253.9,8880000.0
2019-11-15,ITC,254.25,255.75,250.0,250.65,16739999.999999998
2019-11-18,ITC,251.45,252.25,248.75,250.75,7860000.0
2019-11-19,ITC,251.75,251.8,248.8,249.3,12150000.0
2019-11-20,ITC,249.3,251.3,246.7,250.7,9980000.0
2019-11-21,ITC,251.4,251.4,245.05,245.7,10390000.0
2019-11-22,ITC,247.15,252.65,246.65,247.65,16370000.000000002
2019-11-25,ITC,247.75,248.4,246.25,247.75,10590000.0
2019-11-26,ITC,248.65,250.4,247.7,249.15,19780000.0
2019-11-27,ITC,249.75,250.05,246.6,246.95,8840000.0
2019-11-28,ITC,247.3,247.95,245.65,246.7,10990000.0
2019-11-29,ITC,246.75,247.4,245.0,246.4,9810000.0
2019-12-02,ITC,246.0,246.9,244.55,244.95,9970000.0
2019-12-03,ITC,244.95,245.8,242.65,244.05,8130000.000000001
2019-12-04,ITC,243.5,244.05,242.0,243.15,11950000.0
2019-12-05,ITC,243.15,247.5,243.1,246.95,11270000.0
2019-12-06,ITC,247.0,247.15,242.5,243.35,10370000.0
2019-12-09,ITC,243.0,243.3,241.0,241.45,6720000.0
2019-12-10,ITC,241.6,241.7,235.0,235.6,15380000.0
2019-12-11,ITC,235.6,238.8,235.6,237.6,13800000.0
2019-12-12,ITC,238.05,240.2,237.6,238.55,10310000.0
2019-12-13,ITC,240.0,242.5,239.2,241.6,8210000.000000001
2019-12-16,ITC,243.0,243.4,236.35,236.9,12010000.0
2019-12-17,ITC,237.5,241.7,237.5,241.05,15920000.0
2019-12-18,ITC,240.6,247.35,239.75,245.15,17130000.0
2019-12-19,ITC,246.05,247.9,243.25,244.35,9340000.0
2019-12-20,ITC,244.35,245.1,240.15,241.15,13960000.0
2019-12-23,ITC,242.0,242.8,238.65,238.9,19080000.0
2019-12-24,ITC,239.0,240.2,238.2,238.75,7900000.0
2019-12-26,ITC,238.9,239.4,236.35,236.8,14460000.0
2019-12-27,ITC,237.5,238.45,236.45,236.9,8710000.0
2019-12-30,ITC,238.0,240.9,237.5,238.2,13170000.0
2019-12-31,ITC,238.55,238.95,237.4,237.7,7140000.0
2020-01-01,ITC,238.6,238.6,237.1,238.1,4210000.0
2020-01-02,ITC,238.2,240.95,238.1,239.85,8400000.0
2020-01-03,ITC,241.0,241.0,238.0,238.5,9280000.0
2020-01-06,ITC,237.5,238.3,235.0,235.1,7640000.0
2020-01-07,ITC,236.05,237.9,234.6,235.35,8420000.0
2020-01-08,ITC,234.0,235.8,233.25,234.2,7040000.0
2020-01-09,ITC,235.6,236.6,235.05,235.8,9450000.0
2020-01-10,ITC,237.6,238.75,236.8,238.0,9970000.0
2020-01-13,ITC,238.5,240.5,238.25,239.25,12240000.0
2020-01-14,ITC,240.25,243.8,238.3,243.25,11840000.0
2020-01-15,ITC,242.55,243.0,241.1,242.4,5480000.0
2020-01-16,ITC,242.5,243.9,240.1,240.75,9370000.0
2020-01-17,ITC,240.75,242.1,239.4,239.95,7390000.0
2020-01-20,ITC,240.05,243.25,240.05,241.9,8020000.0
2020-01-21,ITC,241.45,241.45,238.0,238.45,9570000.0
2020-01-22,ITC,239.6,239.6,237.1,238.05,7650000.0
2020-01-23,ITC,238.1,238.75,236.9,237.9,6120000.0
2020-01-24,ITC,237.4,239.1,237.0,238.15,6800000.0
2020-01-27,ITC,237.0,237.4,234.3,234.6,6840000.0
2020-01-28,ITC,234.75,235.9,230.5,230.75,14580000.0
2020-01-29,ITC,231.5,237.65,231.15,236.65,20470000.0
2020-01-30,ITC,236.95,237.0,233.0,234.05,10390000.0
2020-01-31,ITC,235.75,238.4,234.05,235.15,18460000.0
2020-02-01,ITC,236.9,239.25,215.5,219.0,42270000.0
2020-02-03,ITC,215.0,216.9,205.0,207.6,79760000.0
2020-02-04,ITC,210.8,217.6,209.15,215.65,35770000.0
2020-02-05,ITC,216.3,217.5,211.5,216.45,21250000.0
2020-02-06,ITC,218.0,219.9,211.8,213.55,27390000.0
2020-02-07,ITC,213.8,215.7,212.75,213.4,17130000.0
2020-02-10,ITC,214.0,214.05,210.05,210.55,9620000.0
2020-02-11,ITC,216.5,216.95,211.8,212.6,29800000.0
2020-02-12,ITC,213.4,214.8,211.8,213.05,9930000.0
2020-02-13,ITC,213.05,213.45,211.2,211.9,9150000.0
2020-02-14,ITC,212.25,212.9,206.8,207.7,13730000.0
2020-02-17,ITC,208.0,208.65,204.0,204.8,15560000.0
2020-02-18,ITC,204.55,204.6,200.5,203.85,20930000.0
2020-02-19,ITC,205.25,207.15,203.85,206.7,9050000.0
2020-02-20,ITC,207.0,208.55,205.45,207.45,15590000.0
2020-02-24,ITC,207.0,207.45,201.8,203.0,16590000.0
2020-02-25,ITC,203.8,205.4,201.5,201.8,15310000.0
2020-02-26,ITC,200.65,201.95,196.3,198.6,17870000.0
2020-02-27,ITC,198.4,199.15,195.9,197.55,17270000.0
2020-02-28,ITC,195.0,199.9,192.05,197.55,32630000.000000004
2020-03-02,ITC,199.5,203.45,193.65,195.3,18560000.0
2020-03-03,ITC,197.0,197.45,192.55,193.85,17950000.0
2020-03-04,ITC,194.95,195.55,186.55,187.5,27660000.0
2020-03-05,ITC,187.55,191.2,186.55,188.05,20030000.0
2020-03-06,ITC,184.85,184.85,179.75,181.75,26760000.0
2020-03-09,ITC,179.0,179.0,174.5,177.2,21800000.0
2020-03-11,ITC,174.0,176.75,172.35,175.65,27960000.0
2020-03-12,ITC,169.0,169.15,150.55,155.8,52040000.0
2020-03-13,ITC,150.0,164.0,134.6,162.25,61590000.0
2020-03-16,ITC,158.0,158.1,145.25,147.25,33259999.999999996
2020-03-17,ITC,148.0,155.8,146.05,149.15,47660000.0
2020-03-18,ITC,152.1,154.65,147.35,150.7,50250000.0
2020-03-19,ITC,150.7,163.55,144.75,161.85,89750000.0
2020-03-20,ITC,165.1,176.5,165.1,175.5,62000000.0
2020-03-23,ITC,158.0,162.0,149.2,154.3,51350000.0
2020-03-24,ITC,162.95,163.7,147.4,149.7,52570000.0
2020-03-25,ITC,151.0,152.0,139.0,147.35,62510000.0
2020-03-26,ITC,150.0,159.4,143.25,156.4,58440000.0
2020-03-27,ITC,162.0,166.0,155.0,163.2,32640000.0
2020-03-30,ITC,156.05,164.9,156.05,159.2,28120000.0
2020-03-31,ITC,164.0,173.85,161.55,171.7,42630000.0
2020-04-01,ITC,171.7,172.75,164.55,166.4,18140000.0
2020-04-03,ITC,167.9,182.75,167.0,177.9,62870000.0
2020-04-07,ITC,185.7,185.7,173.65,181.55,36120000.0
2020-04-08,ITC,180.85,184.0,176.65,178.65,37560000.0
2020-04-09,ITC,184.0,186.25,180.0,185.25,42640000.0
2020-04-13,ITC,184.5,186.65,181.05,181.6,17740000.0
2020-04-15,ITC,184.05,193.75,182.7,189.35,49090000.0
2020-04-16,ITC,189.65,191.2,185.45,186.35,27080000.0
2020-04-17,ITC,190.45,191.4,186.95,188.1,26670000.0
2020-04-20,ITC,189.95,189.95,179.5,180.7,35770000.0
2020-04-21,ITC,178.0,184.3,176.05,179.6,23330000.0
2020-04-22,ITC,179.0,183.55,176.0,182.25,25160000.0
2020-04-23,ITC,182.95,184.0,179.65,180.55,32970000.0
2020-04-24,ITC,181.0,182.8,179.3,180.05,18050000.0
2020-04-27,ITC,180.25,182.3,179.3,179.85,13090000.0
2020-04-28,ITC,180.0,180.8,178.05,179.45,17800000.0
2020-04-29,ITC,180.5,182.9,179.65,182.15,21460000.0
2020-04-30,ITC,184.9,184.9,180.45,182.05,30170000.0
2020-05-04,ITC,181.75,181.75,170.65,174.05,30300000.0
2020-05-05,ITC,175.0,177.45,172.0,173.9,17710000.0
2020-05-06,ITC,171.4,171.4,160.5,163.9,65590000.0
2020-05-07,ITC,164.0,165.85,160.5,161.0,24250000.0
2020-05-08,ITC,163.95,164.15,157.1,158.25,25310000.0
2020-05-11,ITC,160.0,163.5,158.0,158.45,18100000.0
2020-05-12,ITC,158.45,165.9,157.5,165.05,21390000.0
2020-05-13,ITC,173.4,173.6,164.5,165.4,20020000.0
2020-05-14,ITC,164.5,168.25,161.95,163.8,14950000.0
2020-05-15,ITC,162.2,165.5,161.15,164.65,14950000.0
2020-05-18,ITC,166.0,167.3,163.15,164.75,20800000.0
2020-05-19,ITC,166.5,171.65,165.1,170.75,20140000.0
2020-05-20,ITC,171.95,177.0,171.0,175.75,25320000.0
2020-05-21,ITC,175.6,190.45,172.65,188.95,58380000.0
2020-05-22,ITC,188.0,191.9,184.6,186.35,39010000.0
2020-05-26,ITC,190.0,194.95,187.8,191.7,53240000.0
2020-05-27,ITC,192.5,193.9,186.9,192.15,24550000.0
2020-05-28,ITC,192.3,192.9,189.0,190.65,24580000.0
2020-05-29,ITC,190.45,198.0,189.0,197.35,35840000.0
2020-06-01,ITC,201.0,205.25,199.0,200.55,28510000.0
2020-06-02,ITC,201.9,201.9,196.7,197.25,22630000.0
2020-06-03,ITC,200.0,200.9,195.6,196.7,18980000.0
2020-06-04,ITC,197.75,202.5,195.0,200.15,22000000.0
2020-06-05,ITC,201.8,202.0,198.65,200.0,14630000.0
2020-06-08,ITC,202.9,203.65,197.0,197.65,19560000.0
2020-06-09,ITC,198.25,206.2,197.65,198.5,39910000.0
2020-06-10,ITC,199.45,203.15,198.3,199.05,27200000.0
2020-06-11,ITC,200.0,201.25,193.6,194.25,19850000.0
2020-06-12,ITC,188.95,195.2,187.85,193.9,22560000.0
2020-06-15,ITC,193.9,193.95,186.3,187.2,24460000.0
2020-06-16,ITC,190.8,190.95,181.9,185.0,27640000.0
2020-06-17,ITC,184.0,185.0,180.7,181.2,24030000.0
2020-06-18,ITC,181.2,187.5,180.7,186.6,28890000.0
2020-06-19,ITC,187.1,187.95,183.6,184.05,30530000.0
2020-06-22,ITC,186.5,187.5,183.15,185.0,31400000.0
2020-06-23,ITC,185.4,187.5,184.75,185.85,26550000.0
2020-06-24,ITC,187.4,194.7,186.15,191.85,54650000.0
2020-06-25,ITC,192.25,203.5,191.65,202.1,75580000.0
2020-06-26,ITC,206.0,209.4,193.3,195.2,71960000.0
2020-06-29,ITC,202.5,203.0,196.2,197.25,91500000.0
2020-06-30,ITC,199.4,199.4,194.0,194.65,41220000.0
2020-07-01,ITC,194.65,203.85,194.65,202.9,44300000.0
2020-07-02,ITC,204.45,206.75,202.55,205.85,39320000.0
2020-07-03,ITC,208.0,208.5,206.0,207.55,37900000.0
2020-07-06,ITC,200.35,201.95,198.95,199.8,34710000.0
2020-07-07,ITC,200.0,200.5,194.0,194.25,31280000.0
2020-07-08,ITC,194.25,197.95,194.25,196.3,21280000.0
2020-07-09,ITC,196.9,197.0,194.15,195.45,18770000.0
2020-07-10,ITC,195.15,196.5,194.0,194.35,16190000.000000002
2020-07-13,ITC,195.9,198.75,195.1,197.55,20300000.0
2020-07-14,ITC,197.4,199.5,192.75,195.9,18480000.0
2020-07-15,ITC,196.35,200.0,194.5,198.7,23780000.0
2020-07-16,ITC,198.7,198.85,192.0,193.85,22140000.0
2020-07-17,ITC,193.3,195.4,193.0,194.05,14880000.0
2020-07-20,ITC,195.0,195.35,192.35,192.7,18920000.0
2020-07-21,ITC,192.1,194.2,191.5,192.25,28010000.0
2020-07-22,ITC,193.0,197.9,192.5,196.55,32570000.0
2020-07-23,ITC,197.65,201.5,196.8,200.7,31490000.0
2020-07-24,ITC,201.0,201.7,197.3,199.6,60190000.0
2020-07-27,ITC,200.5,200.5,195.15,196.4,22650000.0
2020-07-28,ITC,197.0,198.65,195.05,195.4,19290000.0
2020-07-29,ITC,193.45,198.2,193.4,196.7,14830000.0
2020-07-30,ITC,198.4,198.4,192.5,193.35,16320000.0
2020-07-31,ITC,193.5,196.95,193.5,194.15,16649999.999999998
2020-08-03,ITC,194.0,194.0,191.9,192.6,13270000.0
2020-08-04,ITC,192.6,195.8,192.6,193.65,17190000.0
2020-08-05,ITC,194.5,194.6,191.7,192.8,48770000.0
2020-08-06,ITC,194.2,195.6,193.1,195.35,17890000.0
2020-08-07,ITC,195.5,197.0,194.15,196.05,20910000.0
2020-08-10,ITC,196.4,199.65,196.4,198.85,16469999.999999998
2020-08-11,ITC,200.0,207.7,200.0,203.05,55140000.0
2020-08-12,ITC,202.5,204.9,200.4,204.2,21290000.0
2020-08-13,ITC,203.5,204.2,197.1,201.45,22700000.0
2020-08-14,ITC,201.6,203.35,195.5,196.4,28750000.0
2020-08-17,ITC,198.05,199.5,196.85,198.75,11740000.0
2020-08-18,ITC,199.9,199.9,197.25,198.55,12490000.0
2020-08-19,ITC,198.6,201.7,198.1,198.45,15470000.0
2020-08-20,ITC,197.0,197.2,194.55,195.8,16910000.0
2020-08-21,ITC,198.0,199.2,196.3,196.8,17230000.0
2020-08-24,ITC,197.25,199.0,196.35,196.7,14740000.0
2020-08-25,ITC,197.25,198.3,195.1,195.4,15200000.0
2020-08-26,ITC,196.5,196.55,193.65,194.95,22630000.0
2020-08-27,ITC,198.5,198.9,193.9,194.25,47210000.0
2020-08-28,ITC,194.6,196.3,194.05,195.55,34650000.0
2020-08-31,ITC,199.0,199.0,190.0,191.1,97000000.0
2020-09-01,ITC,191.1,192.35,188.25,190.2,39780000.0
2020-09-02,ITC,191.3,193.0,189.65,191.35,20590000.0
2020-09-03,ITC,191.4,193.25,190.0,191.6,15690000.0
2020-09-04,ITC,190.0,190.0,185.7,186.7,41390000.0
2020-09-07,ITC,187.25,190.5,180.8,189.1,32659999.999999996
2020-09-08,ITC,189.6,190.55,184.6,188.15,25590000.0
2020-09-09,ITC,185.5,186.25,182.3,183.8,27830000.0
2020-09-10,ITC,184.1,185.7,183.2,184.9,17790000.0
2020-09-11,ITC,184.9,186.5,182.75,183.95,19260000.0
2020-09-14,ITC,185.8,185.85,183.0,183.35,30990000.0
2020-09-15,ITC,184.0,184.2,180.8,181.8,30770000.0
2020-09-16,ITC,181.85,183.5,180.05,180.65,50650000.0
2020-09-17,ITC,180.8,181.5,177.8,178.6,33940000.0
2020-09-18,ITC,179.55,179.85,177.0,179.1,29780000.0
2020-09-21,ITC,180.0,180.6,175.05,175.75,23890000.0
2020-09-22,ITC,175.75,176.75,173.75,174.2,18530000.0
2020-09-23,ITC,174.95,177.55,171.7,172.5,61790000.0
2020-09-24,ITC,171.7,171.75,166.15,166.55,31490000.0
2020-09-25,ITC,168.9,171.2,167.0,170.75,26630000.0
2020-09-28,ITC,171.0,174.8,170.5,173.3,23190000.0
2020-09-29,ITC,174.75,174.75,169.0,169.4,25620000.0
2020-09-30,ITC,170.0,172.1,168.7,171.7,18480000.0
2020-10-01,ITC,174.5,174.6,170.1,170.85,19760000.0
2020-10-05,ITC,171.1,172.8,168.75,169.25,24300000.0
2020-10-06,ITC,169.5,171.6,168.1,169.9,21890000.0
2020-10-07,ITC,170.0,170.9,169.0,169.5,16290000.0
2020-10-08,ITC,170.1,170.4,166.9,167.15,25500000.0
2020-10-09,ITC,167.5,168.9,166.35,167.85,22370000.0
2020-10-12,ITC,170.5,175.2,170.0,172.2,66250000.0
2020-10-13,ITC,172.85,174.85,169.5,170.15,35690000.0
2020-10-14,ITC,170.55,171.0,167.05,167.8,38220000.0
2020-10-15,ITC,167.7,167.8,164.55,165.05,27120000.0
2020-10-16,ITC,165.5,166.8,163.8,165.7,20230000.0
2020-10-19,ITC,166.8,168.9,166.15,168.25,19020000.0
2020-10-20,ITC,168.0,168.3,166.7,167.45,16149999.999999998
2020-10-21,ITC,168.15,168.9,166.6,167.65,16480000.0
2020-10-22,ITC,167.55,169.1,167.0,168.55,22040000.0
2020-10-23,ITC,168.95,171.0,167.75,170.75,20150000.0
2020-10-26,ITC,171.5,171.6,168.25,168.55,16079999.999999998
2020-10-27,ITC,168.5,169.3,166.75,167.2,45890000.0
2020-10-28,ITC,168.5,168.5,165.0,165.5,16820000.0
2020-10-29,ITC,165.0,165.95,163.45,163.85,21010000.0
2020-10-30,ITC,164.0,166.8,163.35,165.25,16350000.000000002
2020-11-02,ITC,166.8,167.2,164.45,166.75,14370000.0
2020-11-03,ITC,167.2,170.75,167.1,170.1,22600000.0
2020-11-04,ITC,170.05,171.8,168.2,169.8,18810000.0
2020-11-05,ITC,171.25,175.0,170.2,174.75,27000000.0
2020-11-06,ITC,176.5,177.2,173.4,173.95,34250000.0
2020-11-09,ITC,173.95,177.3,171.85,172.8,35290000.0
2020-11-10,ITC,175.0,179.55,171.85,178.35,57460000.0
2020-11-11,ITC,179.6,185.9,178.6,185.3,63320000.0
2020-11-12,ITC,185.2,188.75,183.85,188.0,46370000.0
2020-11-13,ITC,187.2,188.8,185.55,187.1,28200000.0
2020-11-14,ITC,189.05,190.0,188.05,188.6,7770000.0
2020-11-17,ITC,189.0,189.4,186.4,187.35,20950000.0
2020-11-18,ITC,186.8,188.45,182.75,184.05,26600000.0
2020-11-19,ITC,182.8,191.8,182.7,187.9,48980000.0
2020-11-20,ITC,188.8,192.0,186.05,191.7,45310000.0
2020-11-23,ITC,192.0,192.5,188.65,190.85,23180000.0
2020-11-24,ITC,190.6,196.45,190.6,195.55,45410000.0
2020-11-25,ITC,196.0,197.95,192.5,193.85,41660000.0
2020-11-26,ITC,195.1,195.85,192.55,194.8,24220000.0
2020-11-27,ITC,194.45,195.75,193.2,193.65,31390000.0
2020-12-01,ITC,195.0,196.35,192.4,194.4,15890000.0
2020-12-02,ITC,195.0,198.75,193.55,195.95,28430000.0
2020-12-03,ITC,197.2,197.2,194.55,196.2,28010000.0
2020-12-04,ITC,196.85,199.35,196.5,198.2,22150000.0
2020-12-07,ITC,198.2,203.75,197.6,203.15,35690000.0
2020-12-08,ITC,203.9,204.7,199.55,202.45,30850000.0
2020-12-09,ITC,205.0,207.8,204.65,205.4,39680000.0
2020-12-10,ITC,206.65,213.65,203.15,212.7,65230000.00000001
2020-12-11,ITC,214.45,217.95,213.35,216.3,60320000.0
2020-12-14,ITC,217.95,218.6,215.0,215.9,26990000.0
2020-12-15,ITC,215.25,216.4,211.6,213.55,23260000.0
2020-12-16,ITC,213.75,215.55,213.5,214.0,19550000.0
2020-12-17,ITC,214.2,215.1,211.25,213.05,22390000.0
2020-12-18,ITC,213.1,215.95,209.75,214.5,23780000.0
2020-12-21,ITC,214.5,214.7,199.15,202.95,41830000.0
2020-12-22,ITC,203.1,206.25,196.9,203.4,40990000.0
2020-12-23,ITC,203.0,208.25,202.0,207.75,23700000.0
2020-12-24,ITC,210.0,210.65,205.6,208.6,22770000.0
2020-12-28,ITC,209.0,210.2,207.85,209.5,15740000.0
2020-12-29,ITC,210.5,213.5,210.1,211.55,26550000.0
2020-12-30,ITC,212.7,213.5,209.55,211.15,18930000.0
2020-12-31,ITC,210.55,211.3,208.55,209.0,18250000.0
2021-01-01,ITC,209.9,214.2,209.3,213.85,19530000.0
2021-01-04,ITC,214.0,216.0,212.1,213.4,26890000.0
2021-01-05,ITC,212.45,213.25,210.6,211.45,18020000.0
2021-01-06,ITC,211.45,211.5,204.5,205.4,49070000.0
2021-01-07,ITC,206.1,207.6,202.1,202.8,34950000.0
2021-01-08,ITC,204.35,206.0,200.25,201.5,56430000.0
2021-01-11,ITC,204.0,206.1,201.25,202.5,42970000.0
2021-01-12,ITC,203.0,206.9,201.6,206.45,35620000.0
2021-01-13,ITC,207.45,213.0,205.25,211.25,63930000.0
2021-01-14,ITC,212.0,216.5,211.6,214.15,48300000.0
2021-01-15,ITC,214.9,218.5,211.2,217.85,58320000.0
2021-01-18,ITC,218.4,222.0,214.6,219.75,67610000.0
2021-01-19,ITC,221.0,221.7,217.5,218.85,31790000.0
2021-01-20,ITC,218.5,219.0,215.7,217.65,44670000.0
2021-01-21,ITC,219.0,219.5,212.2,213.7,29000000.0
2021-01-22,ITC,214.0,214.75,209.15,210.7,24710000.0
2021-01-25,ITC,212.0,212.5,206.85,207.8,24970000.0
2021-01-27,ITC,208.0,212.65,207.1,210.65,48470000.0
2021-01-28,ITC,209.25,211.0,205.75,206.6,22130000.0
2021-01-29,ITC,208.55,208.8,202.35,203.25,23760000.0
2021-02-01,ITC,204.0,217.95,201.8,215.95,57740000.0
2021-02-02,ITC,220.0,223.5,217.0,218.2,48460000.0
2021-02-03,ITC,221.5,222.0,215.7,216.75,53640000.0
2021-02-04,ITC,216.1,231.4,216.0,229.95,105820000.0
2021-02-05,ITC,232.15,238.85,227.25,234.35,125490000.0
2021-02-08,ITC,237.5,238.05,231.5,233.1,41500000.0
2021-02-09,ITC,234.6,239.2,228.2,229.0,70660000.0
2021-02-10,ITC,229.0,231.1,223.1,227.55,47280000.0
2021-02-11,ITC,229.0,229.3,224.5,226.45,43630000.0
2021-02-12,ITC,225.75,225.75,215.8,217.45,110570000.0
2021-02-15,ITC,218.45,221.0,217.5,218.6,31780000.0
2021-02-16,ITC,219.05,221.8,217.25,218.25,29150000.0
2021-02-17,ITC,217.6,218.4,216.55,217.75,19850000.0
2021-02-18,ITC,218.2,220.6,217.9,218.85,24070000.0
2021-02-19,ITC,218.85,218.9,214.0,215.95,28130000.0
2021-02-22,ITC,212.0,212.0,206.0,207.05,51550000.0
2021-02-23,ITC,208.0,210.55,207.0,208.5,26680000.0
2021-02-24,ITC,209.1,209.8,206.5,208.85,13160000.0
2021-02-25,ITC,209.5,211.2,208.8,209.15,25950000.0
2021-02-26,ITC,207.25,208.0,203.0,203.85,43430000.0
2021-03-01,ITC,205.45,207.75,204.05,206.9,16230000.0
2021-03-02,ITC,207.0,210.8,206.5,209.9,25600000.0
2021-03-03,ITC,212.0,212.0,208.8,209.95,20850000.0
2021-03-04,ITC,208.8,211.3,207.6,209.7,24900000.0
2021-03-05,ITC,208.0,210.0,207.2,208.55,17320000.0
2021-03-08,ITC,209.7,210.8,207.7,208.0,22990000.0
2021-03-09,ITC,208.7,209.75,204.75,207.8,22590000.0
2021-03-10,ITC,209.1,209.2,205.8,206.5,19600000.0
2021-03-12,ITC,208.0,208.0,203.5,205.2,30790000.0
2021-03-15,ITC,205.85,206.0,201.6,205.45,41120000.0
2021-03-16,ITC,206.4,208.9,204.95,207.85,48760000.0
2021-03-17,ITC,212.2,213.9,208.55,210.6,78580000.0
2021-03-18,ITC,213.0,219.1,211.9,217.65,91990000.0
2021-03-19,ITC,219.0,226.15,215.55,222.95,134180000.0
2021-03-22,ITC,223.3,226.4,221.5,226.0,46050000.0
2021-03-23,ITC,225.0,228.1,221.3,222.2,41560000.0
2021-03-24,ITC,221.0,222.8,215.25,215.95,27610000.0
2021-03-25,ITC,215.15,215.95,209.05,211.6,40680000.0
2021-03-26,ITC,214.25,214.45,210.35,210.9,26080000.0
2021-03-30,ITC,213.25,215.0,210.4,214.55,27790000.0
2021-03-31,ITC,214.05,219.3,212.7,218.5,36490000.0
2021-04-01,ITC,220.0,220.6,217.3,220.05,29060000.0
2021-04-05,ITC,217.6,220.0,210.5,212.55,31380000.0
2021-04-06,ITC,213.8,214.95,210.15,212.65,25670000.0
2021-04-07,ITC,212.7,215.2,212.45,213.8,15200000.0
2021-04-08,ITC,214.85,216.1,212.85,213.25,14120000.0
2021-04-09,ITC,213.75,215.95,212.55,213.1,16360000.0
2021-04-12,ITC,210.0,211.0,205.0,205.3,34510000.0
2021-04-13,ITC,207.0,209.7,206.0,208.7,20250000.0
2021-04-15,ITC,209.0,210.45,206.0,206.7,17530000.0
2021-04-16,ITC,208.0,209.25,206.5,207.95,13310000.0
2021-04-19,ITC,205.0,206.1,203.75,205.6,15790000.0
2021-04-20,ITC,206.2,207.0,202.5,203.55,21360000.0
2021-04-22,ITC,202.0,206.3,200.55,205.9,23140000.0
2021-04-23,ITC,204.25,207.0,204.25,205.35,19630000.0
2021-04-26,ITC,205.8,206.75,204.7,205.3,19890000.0
2021-04-27,ITC,205.3,206.95,205.05,205.4,11440000.0
2021-04-28,ITC,206.0,206.5,205.3,205.5,12710000.0
2021-04-29,ITC,207.1,207.55,204.05,204.3,13100000.0
2021-04-30,ITC,203.9,205.7,202.0,202.6,16500000.0
2021-05-03,ITC,201.2,201.85,200.0,200.95,20610000.0
2021-05-04,ITC,201.2,202.35,199.1,199.6,18260000.0
2021-05-05,ITC,201.45,202.0,199.5,201.4,13860000.0
2021-05-06,ITC,202.3,205.95,202.1,202.75,14320000.0
2021-05-07,ITC,202.95,206.45,202.95,205.35,19460000.0
2021-05-10,ITC,207.15,207.45,205.0,205.55,16300000.0
2021-05-11,ITC,203.9,206.5,203.75,204.0,13750000.0
2021-05-12,ITC,203.9,205.25,202.85,203.25,16540000.0
2021-05-14,ITC,205.0,213.2,204.0,212.25,61650000.0
2021-05-17,ITC,216.8,217.0,211.65,212.6,38000000.0
2021-05-18,ITC,214.1,214.6,209.65,210.05,30480000.0
2021-05-19,ITC,210.05,211.4,207.55,207.75,24410000.0
2021-05-20,ITC,208.45,209.3,206.8,207.0,20880000.0
2021-05-21,ITC,207.6,209.85,207.4,209.05,22640000.0
2021-05-24,ITC,209.5,212.05,207.75,211.5,28870000.0
2021-05-25,ITC,213.0,213.4,210.25,210.9,25330000.0
2021-05-26,ITC,211.8,212.45,210.3,210.6,17580000.0
2021-05-27,ITC,211.0,214.15,210.3,211.15,47550000.0
2021-05-28,ITC,212.5,213.5,211.55,212.9,25600000.0
2021-05-31,ITC,215.0,217.9,214.4,216.6,73040000.0
2021-06-01,ITC,218.0,219.4,214.25,215.25,38760000.0
2021-06-02,ITC,210.5,212.45,208.6,209.0,96650000.0
2021-06-03,ITC,210.75,210.75,208.7,209.05,46660000.0
2021-06-04,ITC,209.5,209.7,208.0,208.75,30130000.0
2021-06-07,ITC,210.4,212.4,210.2,211.45,31430000.0
2021-06-08,ITC,212.2,214.25,211.2,213.65,21260000.0
2021-06-09,ITC,214.0,214.75,211.5,212.5,24890000.0
2021-06-10,ITC,208.7,211.4,207.5,209.3,30720000.0
2021-06-11,ITC,210.3,210.45,207.75,207.9,21420000.0
2021-06-14,ITC,207.95,208.45,205.2,207.3,17680000.0
2021-06-15,ITC,207.55,208.4,207.0,207.05,14850000.0
2021-06-16,ITC,207.05,209.35,207.05,207.85,20100000.0
2021-06-17,ITC,206.95,208.0,205.0,205.65,21480000.0
2021-06-18,ITC,206.0,206.45,202.5,204.55,23570000.0
2021-06-21,ITC,203.1,206.0,202.4,204.45,19070000.0
2021-06-22,ITC,206.1,206.25,204.35,205.1,18040000.0
2021-06-23,ITC,205.65,205.85,203.6,203.95,12580000.0
2021-06-24,ITC,204.45,204.65,202.55,203.25,22440000.0
2021-06-25,ITC,204.0,205.6,203.75,205.05,13880000.0
2021-06-28,ITC,205.9,205.9,203.35,203.6,14630000.0
2021-06-29,ITC,203.6,205.3,203.15,203.3,13330000.0
2021-06-30,ITC,204.3,204.4,202.55,202.7,15940000.0
2021-07-01,ITC,202.9,203.8,202.15,203.0,10190000.0
2021-07-02,ITC,203.3,203.7,202.25,202.4,12700000.0
2021-07-05,ITC,203.0,204.1,202.7,203.65,10250000.0
2021-07-06,ITC,203.25,203.8,202.25,202.5,11090000.0
2021-07-07,ITC,202.5,205.2,202.3,203.75,17880000.0
2021-07-08,ITC,203.5,204.5,201.8,202.0,20930000.0
2021-07-09,ITC,202.0,202.35,200.9,201.35,11830000.0
2021-07-12,ITC,202.0,202.55,200.95,201.1,13090000.0
2021-07-13,ITC,202.0,202.2,201.35,201.85,10830000.0
2021-07-14,ITC,201.85,205.15,201.7,204.1,20480000.0
2021-07-15,ITC,204.4,208.5,202.9,206.25,28850000.0
2021-07-16,ITC,207.7,209.65,207.2,207.9,29020000.0
2021-07-19,ITC,206.8,209.5,206.35,207.75,16460000.0
2021-07-20,ITC,208.2,209.3,206.4,206.8,23660000.0
2021-07-22,ITC,207.0,208.25,205.85,207.0,18310000.0
2021-07-23,ITC,207.0,213.6,206.5,212.4,44530000.0
2021-07-26,ITC,214.0,215.35,210.8,211.15,47260000.0
2021-07-27,ITC,212.0,213.0,207.95,208.65,24440000.0
2021-07-28,ITC,208.3,210.0,207.45,209.1,14740000.0
2021-07-29,ITC,209.1,210.2,205.65,206.05,15600000.0
2021-07-30,ITC,206.1,207.1,204.6,204.95,14940000.0
2021-08-02,ITC,206.45,207.5,205.45,207.3,9670000.0
2021-08-03,ITC,207.5,210.9,206.45,209.9,18470000.0
2021-08-04,ITC,210.9,211.1,208.1,208.6,11000000.0
2021-08-05,ITC,208.6,216.75,206.9,215.25,47180000.0
2021-08-06,ITC,215.4,216.0,212.6,214.25,23580000.0
2021-08-09,ITC,215.0,217.15,212.7,213.8,20360000.0
2021-08-10,ITC,214.0,214.45,208.55,209.85,18160000.0
2021-08-11,ITC,209.85,210.6,207.45,208.65,15420000.0
2021-08-12,ITC,210.25,214.2,208.35,208.9,27690000.0
2021-08-13,ITC,209.85,212.3,209.2,211.45,18850000.0
2021-08-16,ITC,211.4,213.25,210.5,210.9,11190000.0
2021-08-17,ITC,210.8,211.5,208.8,209.2,7860000.0
2021-08-18,ITC,209.6,211.5,208.35,208.95,10740000.0
2021-08-20,ITC,207.0,210.7,206.7,208.9,19420000.0
2021-08-23,ITC,209.5,210.2,206.0,206.3,9940000.0
2021-08-24,ITC,207.0,207.0,204.7,205.75,12490000.0
2021-08-25,ITC,206.4,207.9,206.0,206.4,10590000.0
2021-08-26,ITC,206.4,206.85,204.35,204.6,14840000.0
2021-08-27,ITC,205.0,206.85,204.9,205.9,10480000.0
2021-08-30,ITC,206.0,208.2,206.0,208.0,12080000.0
2021-08-31,ITC,208.05,211.6,207.25,211.3,25810000.0
2021-09-01,ITC,211.0,212.3,209.3,209.5,16239999.999999998
2021-09-02,ITC,209.0,211.5,209.0,209.75,14320000.0
2021-09-03,ITC,209.75,211.25,209.75,210.6,10230000.0
2021-09-06,ITC,211.0,211.2,209.05,209.3,10630000.0
2021-09-07,ITC,210.9,214.35,210.15,211.75,37490000.0
2021-09-08,ITC,212.25,213.0,209.7,211.25,17230000.0
2021-09-09,ITC,211.05,213.9,210.55,212.65,19050000.0
2021-09-13,ITC,213.35,215.15,211.8,214.15,16040000.0
2021-09-14,ITC,214.9,217.25,214.2,216.1,19620000.0
2021-09-15,ITC,217.1,217.2,215.3,216.0,20250000.0
2021-09-16,ITC,216.95,233.65,216.3,230.75,149240000.0
2021-09-17,ITC,233.0,237.3,229.1,231.15,79500000.0
2021-09-20,ITC,231.0,239.35,230.25,233.75,70390000.0
2021-09-21,ITC,234.95,242.45,231.7,241.5,56670000.0
2021-09-22,ITC,243.5,245.8,240.7,243.5,52620000.0
2021-09-23,ITC,245.0,245.6,241.7,242.5,21790000.0
2021-09-24,ITC,244.0,244.0,237.7,238.45,24820000.0
2021-09-27,ITC,239.8,241.85,235.5,238.7,22890000.0
2021-09-28,ITC,239.85,241.6,236.3,237.75,15710000.0
2021-09-29,ITC,236.0,241.4,235.7,238.1,15450000.0
2021-09-30,ITC,239.9,240.4,235.25,236.15,16360000.0
2021-10-01,ITC,235.2,237.0,232.9,235.35,15960000.0
2021-10-04,ITC,236.0,238.35,235.4,236.6,10690000.0
2021-10-05,ITC,236.4,237.45,234.5,234.7,9220000.0
2021-10-06,ITC,234.8,236.4,230.6,231.25,17510000.0
2021-10-07,ITC,233.0,234.95,232.3,232.95,10370000.0
2021-10-08,ITC,234.75,234.8,231.2,231.7,9740000.0
2021-10-11,ITC,232.0,239.5,231.7,238.05,21180000.0
2021-10-12,ITC,238.6,243.0,238.0,241.3,29220000.0
2021-10-13,ITC,242.55,250.9,240.15,249.2,50160000.0
2021-10-14,ITC,253.25,261.85,250.35,256.55,85410000.0
2021-10-18,ITC,261.0,265.3,257.35,262.55,60290000.0
2021-10-19,ITC,261.4,262.55,245.05,245.95,59060000.0
2021-10-20,ITC,245.95,248.5,242.35,246.6,47820000.0
2021-10-21,ITC,248.0,248.35,243.1,244.7,22520000.0
2021-10-22,ITC,244.7,245.8,233.7,236.6,35540000.0
2021-10-25,ITC,234.1,236.65,230.5,233.4,22330000.0
2021-10-26,ITC,234.1,239.0,232.6,236.7,18930000.0
2021-10-27,ITC,240.25,241.3,236.2,238.45,25910000.0
2021-10-28,ITC,235.1,235.95,224.15,225.1,46280000.0
2021-10-29,ITC,225.0,228.25,222.3,223.2,26640000.0
2021-11-01,ITC,224.15,227.55,222.5,226.85,23200000.0
2021-11-02,ITC,228.0,229.25,224.5,225.6,14340000.0
2021-11-03,ITC,226.0,226.85,221.7,222.45,17840000.0
2021-11-04,ITC,224.85,227.3,224.0,226.55,7020000.0
2021-11-08,ITC,229.7,230.7,225.7,229.8,20270000.0
2021-11-09,ITC,229.85,230.9,227.85,228.75,11520000.0
2021-11-10,ITC,227.45,232.85,227.2,230.85,13430000.0
2021-11-11,ITC,230.4,231.5,228.55,230.0,8130000.000000001
2021-11-12,ITC,231.2,233.95,229.15,232.9,11860000.0
2021-11-15,ITC,233.95,239.0,233.1,238.1,38760000.0
2021-11-16,ITC,239.05,239.65,235.0,235.45,14680000.0
2021-11-17,ITC,236.0,245.25,235.65,239.5,46700000.0
2021-11-18,ITC,240.0,243.0,236.3,237.5,20230000.0
2021-11-22,ITC,237.9,240.75,229.55,230.9,22570000.0
2021-11-23,ITC,229.15,232.7,229.15,231.6,13430000.0
2021-11-24,ITC,232.45,232.7,226.95,227.7,14140000.0
2021-11-25,ITC,227.0,232.2,225.75,231.3,23900000.0
2021-11-26,ITC,228.9,230.05,223.1,224.0,27030000.0
2021-11-29,ITC,222.0,223.65,220.2,221.5,22130000.0
2021-11-30,ITC,222.0,225.2,220.0,221.15,23500000.0
2021-12-01,ITC,222.0,223.3,220.6,221.9,13000000.0
2021-12-02,ITC,221.9,226.15,221.3,225.45,15900000.0
2021-12-03,ITC,225.0,226.2,221.35,221.65,13790000.0
2021-12-06,ITC,221.65,222.2,217.5,217.9,13140000.0
2021-12-07,ITC,218.9,221.95,218.1,220.65,8900000.0
2021-12-08,ITC,221.0,225.65,221.0,224.95,9860000.0
2021-12-09,ITC,223.0,236.45,223.0,235.4,38240000.0
2021-12-10,ITC,236.2,238.95,233.75,236.1,35160000.0
2021-12-13,ITC,238.0,238.75,234.15,234.6,22050000.0
2021-12-14,ITC,235.0,237.1,227.55,228.6,37510000.0
2021-12-15,ITC,230.0,232.2,223.4,224.05,34650000.0
2021-12-16,ITC,226.0,226.15,220.8,222.9,24200000.0
2021-12-17,ITC,222.8,222.85,216.75,217.95,29680000.0
2021-12-20,ITC,216.25,216.25,209.8,212.4,37340000.0
2021-12-21,ITC,214.0,215.45,211.05,212.5,19400000.0
2021-12-22,ITC,214.0,214.2,211.1,212.0,17240000.0
2021-12-23,ITC,213.9,218.45,213.2,217.3,22210000.0
2021-12-24,ITC,218.0,220.45,216.45,218.0,16579999.999999998
2021-12-27,ITC,218.4,218.45,215.65,217.55,8150000.0
2021-12-28,ITC,218.0,220.6,218.0,220.05,11570000.0
2021-12-29,ITC,220.0,220.3,216.3,216.75,11480000.0
2021-12-30,ITC,216.6,217.9,215.5,216.0,9740000.0
2021-12-31,ITC,216.9,218.8,216.15,218.05,7580000.0
2022-01-03,ITC,218.05,219.85,217.05,219.1,7770000.0
2022-01-04,ITC,219.5,221.7,219.05,220.25,9050000.0
2022-01-05,ITC,219.65,221.5,218.65,220.55,11230000.0
2022-01-06,ITC,219.0,220.4,218.2,218.7,8950000.0
2022-01-07,ITC,219.8,220.65,217.5,218.4,8860000.0
2022-01-10,ITC,219.9,224.7,218.9,223.3,15840000.0
2022-01-11,ITC,223.35,224.25,221.2,221.95,8020000.0
2022-01-12,ITC,222.5,223.65,221.6,222.75,13160000.0
2022-01-13,ITC,223.9,225.8,222.75,223.95,11500000.0
2022-01-14,ITC,223.95,224.8,222.3,222.6,10570000.0
2022-01-17,ITC,222.6,225.6,221.35,224.6,12320000.0
2022-01-18,ITC,224.6,227.3,220.3,220.75,14390000.0
2022-01-19,ITC,220.75,222.4,218.7,220.35,11470000.0
2022-01-20,ITC,220.55,222.15,218.0,218.75,17330000.0
2022-01-21,ITC,218.5,220.5,216.0,217.05,16590000.0
2022-01-24,ITC,217.05,217.75,210.9,211.8,17350000.0
2022-01-25,ITC,212.0,214.7,209.55,214.3,18320000.0
2022-01-27,ITC,211.25,215.5,211.1,214.6,23150000.0
2022-01-28,ITC,215.1,219.25,215.1,217.6,15280000.0
2022-01-31,ITC,218.5,220.75,217.1,220.2,15040000.0
2022-02-01,ITC,221.0,228.8,219.15,227.75,43210000.0
2022-02-02,ITC,230.0,233.3,229.0,232.15,41130000.0
2022-02-03,ITC,232.15,235.2,231.8,234.45,27850000.0
2022-02-04,ITC,237.25,238.5,231.55,234.3,56710000.0
2022-02-07,ITC,234.0,234.75,228.5,230.2,24170000.0
2022-02-08,ITC,230.3,232.3,229.05,231.25,16200000.0
2022-02-09,ITC,232.3,233.0,228.75,230.15,11890000.0
2022-02-10,ITC,228.7,233.4,227.75,232.25,19560000.0
2022-02-11,ITC,232.0,233.3,229.8,232.45,18100000.0
2022-02-14,ITC,226.0,226.0,218.5,219.45,22750000.0
2022-02-15,ITC,221.0,223.5,218.55,223.0,12880000.0
2022-02-16,ITC,223.8,224.7,221.85,222.75,11230000.0
2022-02-17,ITC,223.05,224.35,220.85,222.65,14020000.0
2022-02-18,ITC,222.65,223.45,221.5,221.9,8670000.0
2022-02-21,ITC,220.3,221.3,217.15,218.0,16129999.999999998
2022-02-22,ITC,215.0,216.9,213.0,214.85,25750000.0
2022-02-23,ITC,216.8,217.5,215.05,215.95,11010000.0
2022-02-24,ITC,210.0,213.3,207.0,208.5,41340000.0
2022-02-25,ITC,211.5,216.5,210.55,213.95,23630000.0
2022-02-28,ITC,213.2,216.45,210.8,215.85,20030000.0
2022-03-02,ITC,214.4,216.6,212.45,215.3,19300000.0
2022-03-03,ITC,216.05,220.2,216.0,219.4,28530000.0
2022-03-04,ITC,217.7,227.4,217.0,225.5,66840000.0
2022-03-07,ITC,222.0,227.0,220.1,224.95,45260000.0
2022-03-08,ITC,223.9,228.45,223.75,226.9,36040000.0
2022-03-09,ITC,227.7,231.4,226.1,229.25,42290000.0
2022-03-10,ITC,231.0,232.5,227.85,232.0,36130000.0
2022-03-11,ITC,231.9,237.1,230.15,236.35,41700000.0
2022-03-14,ITC,236.25,239.45,235.3,239.0,35110000.0
2022-03-15,ITC,239.0,241.4,235.9,237.85,33000000.0
2022-03-16,ITC,240.0,243.0,239.1,242.6,21630000.0
2022-03-17,ITC,245.25,245.4,242.7,244.9,34220000.0
2022-03-21,ITC,245.9,247.75,243.8,244.5,27980000.0
2022-03-22,ITC,244.55,250.75,243.55,249.75,36950000.0
2022-03-23,ITC,251.45,253.7,248.5,252.0,40490000.0
2022-03-24,ITC,251.95,256.5,251.45,254.85,38240000.0
2022-03-25,ITC,255.3,255.75,249.25,253.35,29280000.0
2022-03-28,ITC,254.0,258.0,252.55,257.05,24920000.0
2022-03-29,ITC,257.05,257.5,253.75,254.6,18120000.0
2022-03-30,ITC,255.1,256.4,248.65,249.2,17600000.0
2022-03-31,ITC,249.6,254.35,249.5,250.65,25660000.0
2022-04-01,ITC,250.0,255.35,248.8,253.3,14310000.0
2022-04-04,ITC,253.1,257.9,251.1,255.45,15910000.0
2022-04-05,ITC,256.05,261.85,255.1,259.45,27180000.0
2022-04-06,ITC,257.5,263.35,257.3,259.6,19600000.0
2022-04-07,ITC,258.0,262.2,255.8,256.65,16059999.999999998
2022-04-08,ITC,256.42,267.2,254.43,266.16,37830000.0
2022-04-11,ITC,268.75,273.15,266.0,267.5,46150000.0
2022-04-12,ITC,265.27,267.01,261.49,263.18,23550000.0
2022-04-13,ITC,265.3,270.6,263.65,269.55,21410000.0
2022-04-18,ITC,266.36,270.83,265.61,268.45,24400000.0
2022-04-19,ITC,272.0,272.5,258.8,261.55,23380000.0
2022-04-20,ITC,262.9,265.45,257.55,259.55,24510000.0
2022-04-21,ITC,259.7,264.45,259.6,260.4,23410000.0
2022-04-22,ITC,260.0,263.0,258.55,261.1,15670000.0
2022-04-25,ITC,258.8,259.0,252.5,255.25,24210000.0
2022-04-26,ITC,256.6,260.7,256.25,258.95,20540000.0
2022-04-27,ITC,256.2,258.5,255.75,257.5,16579999.999999998
2022-04-28,ITC,259.5,263.7,258.15,261.1,27920000.0
2022-04-29,ITC,263.0,263.0,258.5,259.55,20420000.0
2022-05-02,ITC,258.0,264.5,257.05,263.15,18970000.0
2022-05-04,ITC,264.0,266.05,258.6,259.75,25950000.0
2022-05-05,ITC,262.0,265.2,260.4,262.05,17930000.0
2022-05-06,ITC,259.0,267.35,258.9,266.65,34490000.0
2022-05-09,ITC,264.52,264.52,258.95,261.34,21400000.0
2022-05-10,ITC,262.0,266.8,259.1,259.75,18030000.0
2022-05-11,ITC,257.41,260.6,250.21,254.09,17340000.0
2022-05-12,ITC,253.44,254.83,247.62,251.35,20040000.0
2022-05-13,ITC,254.95,260.85,254.5,258.6,11920000.0
2022-05-16,ITC,259.95,259.95,253.0,254.1,8189999.999999999
2022-05-17,ITC,255.0,265.5,254.8,264.7,17800000.0
2022-05-18,ITC,266.0,267.8,263.15,266.8,20200000.0
2022-05-19,ITC,260.99,277.54,260.99,273.96,78290000.0
2022-05-20,ITC,275.3,280.62,275.3,278.29,32369999.999999996
2022-05-23,ITC,278.29,278.73,271.38,272.82,21700000.0
2022-05-24,ITC,273.32,273.32,268.35,269.19,15550000.0
2022-05-25,ITC,271.28,272.22,268.84,271.03,15290000.0
2022-05-26,ITC,266.61,266.61,262.23,265.07,18420000.0
2022-05-27,ITC,267.35,269.04,263.43,267.55,13470000.0
2022-05-30,ITC,268.84,269.34,265.96,267.4,11820000.0
2022-05-31,ITC,267.4,272.82,264.77,268.99,23210000.0
2022-06-01,ITC,268.99,272.42,268.55,270.18,14700000.0
2022-06-02,ITC,269.04,272.77,266.21,271.83,14240000.0
2022-06-03,ITC,273.32,274.01,269.94,271.03,12490000.0
2022-06-06,ITC,270.73,274.11,268.05,273.12,10930000.0
2022-06-07,ITC,271.53,273.32,270.58,272.22,10830000.0
2022-06-08,ITC,272.27,272.72,264.57,266.26,14360000.0
2022-06-09,ITC,266.16,270.04,264.12,269.19,9860000.0
2022-06-10,ITC,267.4,269.34,267.1,268.5,8369999.999999999
2022-06-13,ITC,264.77,267.45,261.39,263.03,11090000.0
2022-06-14,ITC,261.59,265.81,261.44,263.83,7420000.0
2022-06-15,ITC,264.37,265.66,261.44,261.79,5060000.0
2022-06-16,ITC,265.36,266.26,257.91,259.1,14290000.0
2022-06-17,ITC,257.41,262.53,256.97,261.69,16649999.999999998
2022-06-20,ITC,261.69,264.52,259.75,262.48,17080000.0
2022-06-21,ITC,263.38,269.19,262.48,268.25,13880000.0
2022-06-22,ITC,265.36,268.64,263.28,263.68,11320000.0
2022-06-23,ITC,263.87,265.61,260.79,263.87,9070000.0
2022-06-24,ITC,264.47,266.71,263.58,264.22,7010000.0
2022-06-27,ITC,265.36,268.99,264.87,268.3,8170000.0
2022-06-28,ITC,267.25,270.58,266.91,270.18,11240000.0
2022-06-29,ITC,267.6,273.32,267.5,272.37,16020000.0
2022-06-30,ITC,272.27,273.02,270.33,271.83,19260000.0
2022-07-01,ITC,271.83,283.26,269.54,282.61,35170000.0
2022-07-04,ITC,283.9,291.5,283.06,290.11,39880000.0
2022-07-05,ITC,291.21,291.21,284.0,285.14,18570000.0
2022-07-06,ITC,284.35,288.22,283.55,287.53,18290000.0
2022-07-07,ITC,289.22,291.36,286.73,290.16,13790000.0
2022-07-08,ITC,291.11,292.65,288.62,291.26,11110000.0
2022-07-11,ITC,291.21,295.13,290.26,293.19,12350000.0
2022-07-12,ITC,291.21,293.54,289.12,290.91,14070000.0
2022-07-13,ITC,291.21,292.99,290.91,292.25,9280000.0
2022-07-14,ITC,292.5,294.54,287.38,289.07,13410000.0
2022-07-15,ITC,290.21,292.2,287.73,291.75,11030000.0
2022-07-18,ITC,293.19,294.49,291.95,293.49,11320000.0
2022-07-19,ITC,293.19,293.79,290.91,292.8,9190000.0
2022-07-20,ITC,293.09,297.67,291.8,296.37,15790000.0
2022-07-21,ITC,297.17,300.35,296.17,297.72,16040000.0
2022-07-22,ITC,298.16,300.65,296.27,298.71,9970000.0
2022-07-25,ITC,297.17,301.1,296.97,299.26,10640000.0
2022-07-26,ITC,299.16,301.89,298.61,300.6,9740000.0
2022-07-27,ITC,301.0,303.13,298.76,302.29,9350000.0
2022-07-28,ITC,303.03,303.33,300.55,301.59,10840000.0
2022-07-29,ITC,303.13,304.03,299.51,301.19,16930000.0
2022-08-01,ITC,302.14,306.91,301.24,305.62,15890000.0
2022-08-02,ITC,308.1,314.71,306.31,308.05,38980000.0
2022-08-03,ITC,309.0,309.0,301.79,306.26,17700000.0
2022-08-04,ITC,306.11,308.45,305.27,307.61,15900000.0
2022-08-05,ITC,307.61,309.89,307.21,308.95,10090000.0
2022-08-08,ITC,309.05,312.03,308.15,311.23,8310000.000000001
2022-08-10,ITC,311.23,312.18,308.85,309.3,8920000.0
2022-08-11,ITC,311.08,311.53,303.43,304.38,10890000.0
2022-08-12,ITC,304.38,307.51,302.64,306.66,6420000.0
2022-08-16,ITC,306.66,309.59,306.66,308.65,8610000.0
2022-08-17,ITC,309.79,311.33,309.1,310.64,7980000.0
2022-08-18,ITC,311.08,314.07,310.69,313.72,9880000.0
2022-08-19,ITC,314.21,314.21,309.3,310.09,10420000.0
2022-08-22,ITC,309.3,315.06,309.1,312.48,11360000.0
2022-08-23,ITC,311.03,314.07,310.19,313.97,9340000.0
2022-08-24,ITC,313.82,317.49,311.13,312.18,11350000.0
2022-08-25,ITC,313.52,314.46,309.69,310.44,7760000.0
2022-08-26,ITC,312.82,313.47,310.09,310.98,6960000.0
2022-08-29,ITC,308.1,313.02,306.96,311.63,11360000.0
2022-08-30,ITC,312.33,319.43,312.33,318.54,17830000.0
2022-09-01,ITC,317.54,319.93,314.07,315.65,13250000.0
2022-09-02,ITC,316.75,322.27,316.1,321.17,25760000.0
2022-09-05,ITC,323.01,327.58,321.77,326.84,17470000.0
2022-09-06,ITC,327.98,327.98,324.4,325.15,11970000.0
2022-09-07,ITC,324.0,326.29,323.26,324.1,8090000.0
2022-09-08,ITC,326.99,328.58,325.49,327.88,10910000.0
2022-09-09,ITC,328.58,331.26,327.98,328.48,9410000.0
2022-09-12,ITC,329.97,330.36,327.98,328.87,8710000.0
2022-09-13,ITC,329.67,332.95,328.58,332.35,10520000.0
2022-09-14,ITC,328.97,336.92,328.92,333.3,12270000.0
2022-09-15,ITC,334.34,334.99,330.86,332.05,8420000.0
2022-09-16,ITC,330.32,332.55,327.68,329.27,12490000.0
2022-09-19,ITC,327.08,334.84,327.08,333.55,14370000.0
2022-09-20,ITC,336.68,337.52,332.95,333.94,9530000.0
2022-09-21,ITC,333.94,343.09,333.45,338.86,20990000.0
2022-09-22,ITC,338.91,346.61,338.81,342.94,24180000.0
2022-09-23,ITC,345.37,347.41,341.2,344.28,22840000.0
2022-09-26,ITC,342.74,343.83,329.72,330.56,16210000.0
2022-09-27,ITC,332.95,337.47,331.95,332.8,9990000.0
2022-09-28,ITC,329.92,331.26,322.31,322.96,15550000.0
2022-09-29,ITC,326.99,332.85,325.74,331.01,18280000.0
2022-09-30,ITC,331.01,333.69,328.13,330.17,12430000.0
2022-10-03,ITC,330.86,330.96,321.27,322.41,9110000.0
2022-10-04,ITC,326.69,331.95,325.99,330.81,8800000.0
2022-10-06,ITC,332.95,337.22,330.51,334.59,22240000.0
2022-10-07,ITC,334.74,334.79,329.27,332.05,10510000.0
2022-10-10,ITC,327.98,329.42,324.05,325.84,9390000.0
2022-10-11,ITC,326.99,328.43,323.11,324.3,10610000.0
2022-10-12,ITC,325.94,329.42,322.76,328.08,10340000.0
2022-10-13,ITC,327.93,329.27,325.99,326.64,7270000.0
2022-10-14,ITC,330.27,331.86,328.82,330.07,6420000.0
2022-10-17,ITC,329.07,332.7,327.58,330.22,6930000.0
2022-10-18,ITC,331.9,338.91,331.51,338.22,20890000.0
2022-10-19,ITC,341.0,345.32,337.72,344.23,16300000.0
2022-10-20,ITC,344.88,348.8,342.69,347.56,18470000.0
2022-10-21,ITC,351.04,351.04,342.39,343.48,27370000.0
2022-10-24,ITC,346.81,347.56,344.88,345.57,3170000.0
2022-10-25,ITC,347.31,347.36,341.55,344.18,17240000.0
2022-10-27,ITC,344.53,346.22,341.74,343.68,18560000.0
2022-10-28,ITC,345.42,346.47,342.99,343.68,13070000.0
2022-10-31,ITC,345.87,348.35,342.64,346.57,13830000.0
2022-11-01,ITC,347.11,348.35,345.07,347.36,19670000.0
2022-11-02,ITC,346.37,354.07,346.37,352.48,16780000.0
2022-11-03,ITC,351.83,356.3,350.84,351.53,10740000.0
2022-11-04,ITC,351.83,353.82,350.34,351.43,8390000.0
2022-11-07,ITC,352.83,354.17,347.86,351.34,10050000.0
2022-11-09,ITC,351.34,359.24,351.04,358.49,20610000.0
2022-11-10,ITC,356.8,357.7,351.93,353.82,19330000.0
2022-11-11,ITC,357.8,358.74,352.48,354.17,10950000.0
2022-11-14,ITC,354.17,354.76,344.48,345.07,17640000.0
2022-11-15,ITC,346.81,346.81,337.07,343.14,15450000.0
2022-11-16,ITC,343.58,344.73,339.56,341.99,7600000.0
2022-11-17,ITC,341.99,345.32,340.5,341.6,9990000.0
2022-11-18,ITC,341.6,342.64,337.72,338.96,7840000.0
2022-11-21,ITC,337.02,337.92,332.35,335.14,9200000.0
2022-11-22,ITC,334.94,338.91,333.64,338.17,6500000.0
2022-11-23,ITC,339.91,339.91,335.43,337.72,7770000.0
2022-11-24,ITC,337.72,340.4,335.48,338.66,8140000.000000001
2022-11-25,ITC,338.91,339.81,335.73,338.22,6930000.0
2022-11-28,ITC,337.92,339.66,336.68,337.97,9900000.0
2022-11-29,ITC,337.92,342.89,337.92,340.2,10190000.0
2022-11-30,ITC,339.16,342.04,336.92,337.92,22560000.0
2022-12-01,ITC,339.61,339.61,334.74,337.47,16629999.999999998
2022-12-02,ITC,337.27,338.71,334.69,335.09,8390000.0
2022-12-05,ITC,335.58,336.77,332.1,334.69,9720000.0
2022-12-06,ITC,332.05,336.13,332.05,335.23,6330000.0
2022-12-07,ITC,336.43,339.41,334.59,338.02,9810000.0
2022-12-08,ITC,338.12,340.05,335.43,336.33,6200000.0
2022-12-09,ITC,337.67,340.4,335.93,339.31,8130000.000000001
2022-12-12,ITC,338.91,341.89,338.02,341.1,11210000.0
2022-12-13,ITC,342.39,343.88,340.3,343.48,10690000.0
2022-12-14,ITC,343.88,345.22,341.64,343.29,7380000.0
2022-12-15,ITC,342.64,343.98,335.93,336.77,8150000.0
2022-12-16,ITC,335.43,336.83,329.27,333.05,12430000.0
2022-12-19,ITC,316.67,321.89,315.3,320.14,7810000.0
2022-12-20,ITC,319.72,320.57,316.62,319.82,5480000.0
2022-12-21,ITC,320.61,320.85,314.5,315.11,7050000.0
2022-12-22,ITC,315.58,317.23,310.18,312.58,6580000.0
2022-12-23,ITC,311.12,312.06,305.9,307.17,10070000.0
2022-12-26,ITC,306.98,315.07,306.04,314.6,9570000.0
2022-12-27,ITC,315.54,316.29,310.41,313.23,6730000.0
2022-12-28,ITC,312.95,314.97,311.68,314.41,7740000.0
2022-12-29,ITC,314.36,315.68,311.73,315.3,8109999.999999999
2022-12-30,ITC,315.35,316.62,310.74,311.73,6960000.0
2023-01-02,ITC,311.12,314.03,309.94,312.95,5950000.0
2023-01-03,ITC,311.68,313.42,310.51,311.31,6000000.0
2023-01-04,ITC,312.01,312.62,306.51,307.45,6690000.0
2023-01-05,ITC,309.0,313.94,308.58,313.52,8170000.0
2023-01-06,ITC,314.69,317.37,313.19,315.02,8279999.999999999
2023-01-09,ITC,316.81,320.9,316.05,317.84,10620000.0
2023-01-10,ITC,317.7,318.17,312.67,313.47,6950000.0
2023-01-11,ITC,315.07,315.07,311.49,311.96,4580000.0
2023-01-12,ITC,313.47,313.66,308.49,310.13,6640000.0
2023-01-13,ITC,310.13,312.39,306.89,309.1,14410000.0
2023-01-16,ITC,310.6,312.34,307.97,310.46,8250000.0
2023-01-17,ITC,310.46,313.56,309.43,312.39,13710000.0
2023-01-18,ITC,314.03,316.43,312.53,314.64,12560000.0
2023-01-19,ITC,314.03,315.58,311.82,312.29,8350000.0
2023-01-20,ITC,312.15,315.16,309.57,314.6,13100000.0
2023-01-23,ITC,315.91,317.94,313.14,317.56,7120000.0
2023-01-24,ITC,317.61,320.38,317.42,318.69,12300000.0
2023-01-25,ITC,318.64,320.61,315.21,318.97,12500000.0
2023-01-27,ITC,321.37,328.0,321.08,325.32,21040000.0
2023-01-30,ITC,326.16,330.72,321.41,324.19,14090000.0
2023-01-31,ITC,325.32,333.78,320.66,331.29,17130000.0
2023-02-01,ITC,331.9,343.84,309.43,339.8,64519999.99999999
2023-02-02,ITC,339.98,361.7,338.86,355.97,55750000.0
2023-02-03,ITC,359.07,359.4,349.76,357.89,22300000.0
2023-02-06,ITC,359.63,364.99,356.91,360.48,25790000.0
2023-02-07,ITC,360.95,360.95,346.42,350.94,20640000.0
2023-02-08,ITC,352.35,354.74,349.34,353.1,10420000.0
2023-02-09,ITC,351.64,357.28,349.9,351.88,11860000.0
2023-02-10,ITC,349.95,354.42,348.16,349.15,10280000.0
2023-02-13,ITC,350.7,352.72,347.88,351.83,9900000.0
2023-02-14,ITC,352.58,364.48,351.41,363.35,29130000.0
2023-02-15,ITC,358.93,359.96,355.92,359.35,12210000.0
2023-02-16,ITC,359.16,362.22,358.22,359.68,9780000.0
2023-02-17,ITC,358.27,361.56,356.58,360.48,7670000.0
2023-02-20,ITC,361.7,364.33,358.51,361.09,7800000.0
2023-02-21,ITC,361.98,362.83,358.88,359.4,8260000.0
2023-02-22,ITC,359.16,361.89,357.28,360.9,8960000.0
2023-02-23,ITC,361.47,370.45,360.2,364.43,18830000.0
2023-02-24,ITC,365.75,365.75,358.22,362.08,12910000.0
2023-02-27,ITC,362.08,363.68,355.5,359.35,8140000.000000001
2023-02-28,ITC,359.63,361.28,352.58,354.18,16370000.000000002
2023-03-01,ITC,351.88,357.66,351.27,356.06,7770000.0
2023-03-02,ITC,356.81,357.05,352.3,353.1,5020000.0
2023-03-03,ITC,354.46,362.36,353.62,361.94,8180000.0
2023-03-06,ITC,362.83,369.04,362.22,364.95,10710000.0
2023-03-08,ITC,364.81,369.65,362.08,368.94,8920000.0
2023-03-09,ITC,368.66,370.07,362.6,364.33,9630000.0
2023-03-10,ITC,363.82,366.87,360.58,364.81,8359999.999999999
2023-03-13,ITC,365.93,367.53,359.63,360.72,8790000.0
2023-03-14,ITC,362.64,363.35,354.65,357.0,10230000.0
2023-03-15,ITC,358.22,361.33,355.4,356.72,8420000.0
2023-03-16,ITC,357.85,359.49,354.32,358.65,15710000.0
2023-03-17,ITC,361.98,361.98,347.55,353.1,48900000.0
2023-03-20,ITC,350.98,356.67,349.76,356.16,10120000.0
2023-03-21,ITC,356.16,356.16,351.69,354.42,11610000.0
2023-03-22,ITC,354.42,356.2,351.83,355.17,4770000.0
2023-03-23,ITC,354.46,359.87,352.02,357.89,9750000.0
2023-03-24,ITC,358.69,360.1,355.4,356.06,9930000.0
2023-03-27,ITC,355.36,361.42,353.85,357.47,10820000.0
2023-03-28,ITC,357.47,359.49,355.54,357.05,9170000.0
2023-03-29,ITC,357.47,361.05,354.6,359.87,10160000.0
2023-03-31,ITC,359.16,361.52,357.28,360.58,9510000.0
2023-04-03,ITC,361.05,361.05,355.87,356.25,7060000.0
2023-04-05,ITC,356.25,363.91,356.25,363.3,11610000.0
2023-04-06,ITC,363.54,366.97,361.23,364.19,12900000.0
2023-04-10,ITC,364.19,366.69,361.75,365.32,6780000.0
2023-04-11,ITC,365.32,374.3,364.81,372.33,18240000.0
2023-04-12,ITC,373.97,374.02,368.66,370.02,9750000.0
2023-04-13,ITC,371.86,372.89,370.17,371.95,6060000.0
2023-04-17,ITC,369.41,377.97,369.41,376.23,11040000.0
2023-04-18,ITC,376.09,377.97,373.27,374.68,9490000.0
2023-04-19,ITC,372.37,377.36,372.33,374.91,9740000.0
2023-04-20,ITC,376.09,378.58,373.93,376.37,6670000.0
2023-04-21,ITC,376.37,384.55,375.2,383.85,14250000.0
2023-04-24,ITC,385.49,385.49,380.04,384.27,5980000.0
2023-04-25,ITC,384.27,388.83,383.05,386.95,8840000.0
2023-04-26,ITC,387.37,388.31,384.6,387.61,7620000.0
2023-04-27,ITC,387.56,392.45,386.43,391.13,12610000.0
2023-04-28,ITC,393.01,402.65,388.97,400.11,12720000.0
2023-05-02,ITC,400.53,401.47,396.02,399.08,10250000.0
2023-05-03,ITC,398.65,402.89,396.82,401.61,7330000.0
2023-05-04,ITC,399.88,401.47,398.65,399.22,7980000.0
2023-05-05,ITC,400.49,406.08,398.98,403.12,12410000.0
2023-05-08,ITC,405.23,407.54,403.68,405.66,7240000.0
2023-05-09,ITC,406.93,407.26,396.3,398.46,9990000.0
2023-05-10,ITC,398.61,400.86,396.96,399.92,9750000.0
2023-05-11,ITC,401.71,401.85,393.86,395.27,15980000.0
2023-05-12,ITC,395.27,397.43,391.18,395.32,11140000.0
2023-05-15,ITC,394.89,403.07,394.0,402.23,9150000.0
2023-05-16,ITC,404.3,404.3,398.18,398.61,7990000.0
2023-05-17,ITC,398.8,403.31,397.34,402.04,9480000.0
2023-05-18,ITC,404.3,406.6,393.11,394.61,24000000.0
2023-05-19,ITC,395.79,397.81,386.76,394.75,25770000.0
2023-05-22,ITC,396.73,400.3,394.05,399.36,15420000.0
2023-05-23,ITC,400.53,405.42,398.84,403.5,8730000.0
2023-05-24,ITC,402.7,408.76,401.47,407.59,11480000.0
2023-05-25,ITC,410.83,416.0,408.81,414.78,18200000.0
2023-05-26,ITC,416.89,418.16,413.23,417.08,13000000.0
2023-05-29,ITC,418.4,424.79,417.55,422.25,19830000.0
2023-05-30,ITC,417.19,427.08,417.19,425.61,18900000.0
2023-05-31,ITC,425.04,427.6,418.56,421.45,14270000.0
2023-06-01,ITC,422.87,422.87,415.3,415.96,8800000.0
2023-06-02,ITC,416.25,420.88,416.06,419.46,9200000.0
2023-06-05,ITC,420.98,422.73,416.34,416.86,7150000.0
2023-06-06,ITC,417.0,419.65,416.62,418.89,6450000.0
2023-06-07,ITC,420.03,421.59,418.85,419.98,7540000.0
2023-06-08,ITC,421.64,421.68,418.04,418.99,7020000.0
2023-06-09,ITC,411.66,420.69,411.66,414.78,7060000.0
2023-06-12,ITC,416.25,417.14,410.43,413.36,8720000.0
2023-06-13,ITC,417.19,422.3,414.64,421.35,16110000.0
2023-06-14,ITC,422.16,423.58,419.79,420.5,8700000.0
2023-06-15,ITC,420.98,424.52,420.74,423.91,7500000.0
2023-06-16,ITC,424.76,431.0,423.72,428.64,11730000.0
2023-06-19,ITC,430.2,431.29,427.83,429.11,4190000.0000000005
2023-06-20,ITC,430.25,430.25,425.85,428.4,4470000.0
2023-06-21,ITC,427.6,429.68,421.02,422.92,6060000.0
2023-06-22,ITC,423.81,425.38,421.78,423.48,6640000.0
2023-06-23,ITC,423.34,423.48,418.8,420.74,6090000.0
2023-06-26,ITC,422.77,427.03,420.03,421.64,5480000.0
2023-06-27,ITC,422.02,423.06,419.23,421.07,4870000.0
2023-06-28,ITC,420.98,426.27,420.5,425.09,12080000.0
2023-06-30,ITC,425.71,427.55,422.49,427.22,9110000.0
2023-07-03,ITC,427.22,440.8,425.75,438.24,10700000.0
2023-07-04,ITC,439.9,442.73,434.98,441.17,7730000.0
2023-07-05,ITC,441.17,454.7,439.23,449.45,16250000.0
2023-07-06,ITC,451.58,451.63,445.1,448.32,9470000.0
2023-07-07,ITC,447.46,449.83,442.36,443.11,7320000.0
2023-07-10,ITC,444.63,445.48,438.67,440.7,6520000.0
2023-07-11,ITC,440.84,448.93,440.84,447.61,8460000.0
2023-07-12,ITC,451.96,451.96,445.05,446.8,12340000.0
2023-07-13,ITC,448.32,451.01,445.57,446.52,7910000.0
2023-07-14,ITC,447.46,449.36,445.9,447.37,5080000.0
2023-07-17,ITC,448.88,450.11,445.19,446.85,6090000.0
2023-07-18,ITC,447.04,448.6,445.57,446.99,5350000.0
2023-07-19,ITC,447.23,454.51,442.83,453.0,13870000.0
2023-07-20,ITC,453.99,467.05,450.59,465.58,20250000.0
2023-07-21,ITC,465.25,470.83,460.71,463.97,13970000.0
2023-07-24,ITC,466.81,472.72,442.88,445.9,38980000.0
2023-07-25,ITC,442.64,443.21,430.81,437.34,43530000.0
2023-07-26,ITC,439.8,447.46,437.11,446.76,18140000.0
2023-07-27,ITC,448.79,449.5,436.21,439.94,13990000.0
2023-07-28,ITC,442.45,444.11,438.38,443.16,9980000.0
2023-07-31,ITC,443.68,444.34,438.48,440.56,8189999.999999999
2023-08-01,ITC,440.84,443.54,438.76,439.71,6440000.0
2023-08-02,ITC,439.52,439.71,433.27,435.26,10320000.0
2023-08-03,ITC,435.26,438.71,429.77,431.43,10620000.0
2023-08-04,ITC,431.67,436.49,429.73,430.39,6830000.0
2023-08-07,ITC,429.58,431.9,426.61,430.34,9160000.0
2023-08-08,ITC,432.33,432.33,426.7,427.93,6390000.0
2023-08-09,ITC,427.93,435.07,422.77,433.89,9760000.0
2023-08-10,ITC,434.13,434.5,424.76,427.36,13190000.0
2023-08-11,ITC,429.39,429.39,420.74,424.52,11580000.0
2023-08-14,ITC,424.52,426.89,421.02,424.95,7560000.0
2023-08-16,ITC,426.65,432.71,424.0,425.94,14920000.0
2023-08-17,ITC,425.71,425.71,416.25,417.19,16270000.0
2023-08-18,ITC,417.19,419.42,414.83,417.81,19320000.0
2023-08-21,ITC,418.14,424.29,417.52,423.63,9570000.0
2023-08-22,ITC,424.76,430.58,422.87,429.73,9850000.0
2023-08-23,ITC,431.0,431.05,424.38,426.13,8450000.0
2023-08-24,ITC,426.27,429.02,425.04,426.56,6090000.0
2023-08-25,ITC,426.56,426.65,418.18,419.42,9270000.0
2023-08-28,ITC,420.98,422.73,417.19,417.57,6910000.0
2023-08-29,ITC,419.04,420.03,415.49,416.34,9480000.0
2023-08-30,ITC,417.19,420.03,416.72,418.89,7360000.0
2023-08-31,ITC,419.08,420.88,412.56,415.96,19900000.0
2023-09-01,ITC,416.25,420.98,414.64,417.24,11440000.0
2023-09-04,ITC,419.42,419.42,413.08,413.88,13600000.0
2023-09-05,ITC,415.2,420.5,414.83,419.18,8380000.000000001
2023-09-06,ITC,419.98,424.29,418.14,423.29,12860000.0
2023-09-07,ITC,424.57,424.76,420.6,421.83,8090000.0
2023-09-08,ITC,423.72,423.72,418.0,418.75,9940000.0
2023-09-11,ITC,421.92,423.91,418.75,423.06,9320000.0
2023-09-12,ITC,424.67,429.77,421.54,426.79,14410000.0
2023-09-13,ITC,427.79,432.33,426.75,429.02,11810000.0
2023-09-14,ITC,431.29,431.29,423.01,425.66,14430000.0
2023-09-15,ITC,423.86,427.69,422.87,424.14,15080000.0
2023-09-18,ITC,424.14,429.49,422.11,427.64,8199999.999999999
2023-09-20,ITC,427.31,430.53,425.28,428.5,9960000.0
2023-09-21,ITC,428.36,429.06,420.5,423.34,10720000.0
2023-09-22,ITC,423.34,424.19,418.37,419.18,7510000.0
2023-09-25,ITC,419.18,420.79,414.68,418.7,5780000.0
2023-09-26,ITC,419.65,420.5,415.96,418.56,5330000.0
2023-09-27,ITC,418.56,425.52,415.11,424.9,10490000.0
2023-09-28,ITC,425.66,425.66,415.87,416.95,10220000.0
2023-09-29,ITC,418.14,421.54,415.49,420.41,8160000.0
2023-10-03,ITC,417.19,418.99,415.54,416.01,7480000.0
2023-10-04,ITC,416.01,417.85,409.91,412.56,13400000.0
2023-10-05,ITC,416.25,416.72,411.56,412.51,10030000.0
2023-10-06,ITC,414.21,419.65,413.08,418.28,8420000.0
2023-10-09,ITC,417.14,419.27,413.64,416.67,5610000.0
2023-10-10,ITC,416.67,420.83,416.67,420.41,5010000.0
2023-10-11,ITC,423.06,425.19,420.79,424.05,7650000.0
2023-10-12,ITC,425.38,428.07,422.06,426.37,11770000.0
2023-10-13,ITC,425.56,427.41,422.87,424.14,7630000.0
2023-10-16,ITC,423.81,426.65,422.11,424.71,4210000.0
2023-10-17,ITC,425.52,429.96,424.76,428.97,6940000.0
2023-10-18,ITC,429.73,433.46,426.65,427.27,6890000.0
2023-10-19,ITC,425.47,430.34,422.73,426.08,9470000.0
2023-10-20,ITC,420.98,424.76,413.74,414.64,13020000.0
2023-10-23,ITC,414.35,416.2,409.72,412.37,7280000.0
2023-10-25,ITC,413.31,414.35,403.99,409.34,10890000.0
2023-10-26,ITC,406.36,413.03,406.36,410.9,18800000.0
2023-10-27,ITC,410.9,413.22,408.87,410.33,13130000.0
2023-10-30,ITC,411.09,413.55,405.23,407.21,7620000.0
2023-10-31,ITC,406.79,409.95,404.8,405.27,8620000.0
2023-11-01,ITC,406.79,407.83,402.53,404.99,7990000.0
2023-11-02,ITC,406.83,409.34,405.51,407.87,8150000.0
2023-11-03,ITC,409.43,410.95,407.83,409.86,13800000.0
2023-11-06,ITC,410.1,413.22,409.2,411.85,7310000.0
2023-11-07,ITC,411.42,411.42,408.82,409.34,5120000.0
2023-11-08,ITC,409.77,413.88,408.96,413.36,6980000.0
2023-11-09,ITC,414.16,414.35,410.48,410.95,7790000.0
2023-11-10,ITC,410.95,414.35,409.15,412.98,4080000.0
2023-11-12,ITC,438.85,439.2,438.15,438.45,1180000.0
2023-11-13,ITC,414.73,414.73,411.52,412.46,3740000.0
2023-11-15,ITC,414.45,418.61,413.88,418.09,7440000.0
2023-11-16,ITC,418.09,420.5,413.98,414.97,10860000.0
2023-11-17,ITC,415.54,417.67,414.64,415.54,6660000.0
2023-11-20,ITC,416.1,416.53,411.04,413.22,4340000.0
2023-11-21,ITC,413.55,415.58,411.99,412.7,6000000.0
2023-11-22,ITC,413.41,416.62,411.33,415.96,4890000.0
2023-11-23,ITC,417.14,418.37,414.59,416.58,6370000.0
2023-11-24,ITC,417.19,418.37,413.27,414.16,6820000.0
2023-11-28,ITC,414.35,415.3,411.42,411.75,8750000.0
2023-11-29,ITC,412.46,414.83,410.71,413.6,13790000.0
2023-11-30,ITC,413.12,414.78,411.04,412.27,15130000.0
2023-12-01,ITC,414.26,426.61,413.79,425.52,19340000.0
2023-12-04,ITC,430.44,431.76,426.65,429.54,12800000.0
2023-12-05,ITC,430.44,433.08,425.8,427.36,12140000.0
2023-12-06,ITC,429.39,439.42,427.69,438.24,20420000.0
2023-12-07,ITC,439.66,439.71,432.71,433.37,11310000.0
2023-12-08,ITC,435.12,436.68,424.29,424.9,18670000.0
2023-12-11,ITC,427.13,429.11,425.04,428.02,6600000.0
2023-12-12,ITC,429.68,435.17,427.93,428.64,10160000.0
2023-12-13,ITC,431.67,434.08,428.64,431.05,11280000.0
2023-12-14,ITC,435.17,436.11,425.19,435.26,14370000.0
2023-12-15,ITC,436.96,437.96,430.44,433.46,15790000.0
2023-12-18,ITC,430.44,431.38,426.04,427.27,12030000.0
2023-12-19,ITC,428.88,433.27,427.64,431.48,10270000.0
2023-12-20,ITC,434.22,434.46,425.04,426.65,10370000.0
2023-12-21,ITC,424.76,429.25,420.45,427.08,11150000.0
2023-12-22,ITC,428.54,431.29,426.23,430.63,11030000.0
2023-12-26,ITC,431.43,434.13,430.15,431.81,5870000.0
2023-12-27,ITC,432.33,433.75,429.25,432.42,7540000.0
2023-12-28,ITC,432.52,439.61,431.48,439.05,20700000.0
2023-12-29,ITC,439.05,442.64,436.44,437.15,12890000.0
2024-01-01,ITC,438.48,444.58,437.67,442.78,9350000.0
2024-01-02,ITC,444.63,445.9,438.57,444.96,10520000.0
2024-01-03,ITC,444.86,454.75,444.01,451.48,24040000.0
2024-01-04,ITC,454.09,455.46,448.6,450.68,11790000.0
2024-01-05,ITC,453.52,453.52,446.52,448.36,9210000.0
2024-01-08,ITC,449.36,449.83,439.47,440.37,8000000.0
2024-01-09,ITC,442.26,444.58,438.62,439.47,5700000.0
2024-01-10,ITC,439.47,441.55,435.21,438.29,5900000.0
2024-01-11,ITC,439.05,441.36,436.21,437.67,6530000.0
2024-01-12,ITC,438.24,442.45,435.5,441.5,9350000.0
2024-01-15,ITC,444.63,445.1,440.94,442.36,6900000.0
2024-01-16,ITC,442.55,449.36,439.19,446.8,12070000.0
2024-01-17,ITC,445.95,451.25,440.08,441.41,11110000.0
2024-01-18,ITC,440.13,442.59,430.01,440.37,9140000.0
2024-01-19,ITC,443.25,447.46,441.22,446.05,12200000.0
2024-01-20,ITC,473.4,475.0,468.0,468.4,3300000.0
2024-01-23,ITC,448.17,448.17,431.76,434.5,8400000.0
2024-01-24,ITC,435.26,442.17,433.37,438.57,21630000.0
2024-01-25,ITC,438.52,439.85,427.69,431.05,19680000.0
2024-01-29,ITC,431.29,432.56,423.34,425.52,17870000.0
2024-01-30,ITC,422.87,429.21,413.79,414.4,43510000.0
2024-01-31,ITC,416.25,418.61,415.02,417.71,19880000.0
2024-02-01,ITC,418.14,423.58,415.58,418.99,19170000.0
2024-02-02,ITC,420.98,423.06,415.77,416.34,17160000.0
2024-02-05,ITC,418.14,419.7,412.98,414.4,12040000.0
2024-02-06,ITC,416.25,417.1,406.31,408.11,18760000.0
2024-02-07,ITC,411.52,411.52,407.54,408.49,12880000.0
2024-02-08,ITC,405.84,405.93,386.54,392.17,48180000.0
2024-02-09,ITC,387.96,401.3,386.54,393.07,32280000.0
2024-02-12,ITC,395.01,395.43,384.13,384.89,10910000.0
2024-02-13,ITC,384.93,388.62,381.53,384.79,15610000.0
2024-02-14,ITC,384.08,389.99,382.57,389.33,12150000.0
2024-02-15,ITC,390.7,392.17,381.39,382.1,20380000.0
2024-02-16,ITC,383.14,387.44,377.84,382.76,37520000.0
2024-02-19,ITC,383.14,390.47,382.76,387.16,16950000.0
2024-02-20,ITC,388.29,388.29,382.47,384.18,14080000.0
2024-02-21,ITC,385.03,387.96,379.64,381.57,19410000.0
2024-02-22,ITC,384.93,392.74,381.67,392.08,18600000.0
2024-02-23,ITC,393.45,393.45,388.34,389.19,11150000.0
2024-02-26,ITC,388.91,390.75,385.31,387.11,7980000.0
2024-02-27,ITC,387.86,390.47,386.49,388.95,7780000.0
2024-02-28,ITC,388.95,390.09,384.84,386.26,8620000.0
2024-02-29,ITC,386.92,388.86,382.66,384.36,14900000.0
2024-03-01,ITC,386.83,390.85,385.5,387.39,12400000.0
2024-03-02,ITC,410.4,412.8,410.4,412.05,974820.0
2024-03-04,ITC,389.99,390.66,386.4,387.01,6840000.0
2024-03-05,ITC,387.53,389.19,382.14,384.22,9730000.0
2024-03-06,ITC,384.55,387.82,379.07,385.83,11110000.0
2024-03-07,ITC,385.83,392.55,381.86,391.22,23020000.0
2024-03-11,ITC,394.3,395.72,385.97,387.3,17620000.0
2024-03-12,ITC,384.55,384.55,377.79,382.61,34880000.0
2024-03-13,ITC,411.52,414.35,398.41,399.64,101610000.0
2024-03-14,ITC,399.17,402.53,395.43,396.99,30760000.0
2024-03-15,ITC,394.68,405.41,392.83,396.47,73250000.0
2024-03-18,ITC,396.38,397.99,394.39,394.91,15930000.0
2024-03-19,ITC,395.43,396.9,386.64,387.44,20990000.0
2024-03-20,ITC,387.86,394.16,387.44,393.26,19610000.0
2024-03-21,ITC,396.38,399.22,393.73,398.51,19230000.0
2024-03-22,ITC,398.51,406.45,398.51,405.46,38860000.0
2024-03-26,ITC,402.58,406.03,402.58,404.56,10270000.0
2024-03-27,ITC,403.95,405.74,403.43,404.89,12230000.0
2024-03-28,ITC,404.89,409.86,403.95,405.23,27930000.0
2024-04-01,ITC,405.93,408.06,402.77,403.66,9380000.0
2024-04-02,ITC,405.56,405.56,401.68,402.86,8850000.0
2024-04-03,ITC,403.0,405.65,398.27,402.24,12660000.0
2024-04-04,ITC,402.58,404.28,397.23,399.93,18360000.0
2024-04-05,ITC,399.69,408.39,397.28,404.47,16149999.999999998
2024-04-08,ITC,405.18,408.11,404.66,405.93,8520000.0
2024-04-09,ITC,407.21,408.2,402.58,403.33,6710000.0
2024-04-10,ITC,405.18,414.16,402.77,413.36,14010000.0
2024-04-12,ITC,411.52,412.23,405.18,406.88,18090000.0
2024-04-15,ITC,404.89,405.98,400.07,402.91,8750000.0
2024-04-16,ITC,400.4,403.95,400.35,402.91,9970000.0
2024-04-18,ITC,403.0,403.85,395.1,396.24,21310000.0
2024-04-19,ITC,395.43,403.24,393.54,401.82,16579999.999999998
2024-04-22,ITC,403.95,404.52,400.49,402.34,7110000.0
2024-04-23,ITC,402.34,407.26,402.15,406.03,12020000.0
2024-04-24,ITC,406.08,407.54,405.18,405.74,5850000.0
2024-04-25,ITC,407.73,414.64,405.84,413.93,29210000.0
2024-04-26,ITC,415.54,419.37,412.84,416.25,14770000.0
2024-04-29,ITC,418.14,418.56,411.14,414.54,11630000.0
2024-04-30,ITC,416.2,416.72,411.61,412.13,12060000.0
2024-05-02,ITC,412.46,418.7,411.37,415.3,23230000.0
2024-05-03,ITC,416.29,416.29,408.06,412.89,22900000.0
2024-05-06,ITC,414.35,416.67,409.95,411.28,10360000.0
2024-05-07,ITC,413.31,421.92,411.7,416.58,25970000.0
2024-05-08,ITC,417.43,420.69,414.54,417.19,10510000.0
2024-05-09,ITC,416.29,417.67,400.49,402.15,23410000.0
2024-05-10,ITC,403.48,412.79,403.48,409.95,13990000.0
2024-05-13,ITC,409.86,411.94,406.31,408.54,7300000.0
2024-05-14,ITC,407.26,409.91,405.41,406.5,11000000.0
2024-05-15,ITC,407.49,409.86,403.71,404.7,7570000.0
2024-05-16,ITC,406.79,409.24,400.07,408.16,23030000.0
2024-05-17,ITC,409.06,413.88,405.74,412.74,11450000.0
2024-05-18,ITC,437.0,437.65,435.2,436.65,713860.0
2024-05-21,ITC,412.46,413.5,409.81,411.33,10760000.0
2024-05-22,ITC,413.74,418.09,411.89,416.15,10630000.0
2024-05-23,ITC,417.57,420.88,412.98,417.52,26230000.0
2024-05-24,ITC,417.19,418.56,411.8,412.65,12760000.0
2024-05-27,ITC,415.11,415.2,407.45,408.2,11830000.0
2024-05-28,ITC,408.77,409.15,405.13,405.84,9310000.0
2024-05-29,ITC,402.53,409.06,402.53,407.68,10430000.0
2024-05-30,ITC,405.37,407.68,399.55,400.97,20520000.0
2024-05-31,ITC,403.71,406.36,401.35,403.43,28210000.0
2024-06-03,ITC,410.57,411.42,405.51,407.12,15520000.0
2024-06-04,ITC,403.0,403.29,381.1,392.79,46020000.0
2024-06-05,ITC,399.22,412.46,395.48,407.07,27150000.0
2024-06-06,ITC,412.46,414.07,407.83,411.89,31120000.0
2024-06-07,ITC,408.11,417.81,407.83,415.44,28450000.0
2024-06-10,ITC,416.25,417.19,412.32,413.31,11430000.0
2024-06-11,ITC,413.41,414.16,408.91,409.62,12670000.0
2024-06-12,ITC,407.31,410.95,406.98,408.96,10350000.0
2024-06-13,ITC,413.31,413.31,406.55,407.07,9280000.0
2024-06-14,ITC,407.73,408.58,405.89,407.87,9220000.0
2024-06-18,ITC,409.62,410.76,405.08,405.6,14100000.0
2024-06-19,ITC,406.79,407.49,400.21,400.78,10910000.0
2024-06-20,ITC,401.16,403.48,398.74,400.45,14590000.0
2024-06-21,ITC,402.06,402.34,395.95,396.95,25210000.0
2024-06-24,ITC,397.33,401.06,397.33,400.45,9360000.0
2024-06-25,ITC,400.16,401.11,397.09,400.45,10260000.0
2024-06-26,ITC,400.16,403.38,399.27,401.06,11080000.0
2024-06-27,ITC,401.06,404.18,398.37,402.62,37010000.0
2024-06-28,ITC,402.53,404.89,400.64,401.96,17870000.0
2024-07-01,ITC,403.29,407.02,401.72,405.89,12890000.0
2024-07-02,ITC,406.79,407.4,399.74,402.53,10760000.0
2024-07-03,ITC,403.1,406.45,402.53,405.18,7160000.0
2024-07-04,ITC,406.79,408.2,403.99,405.89,9130000.0
2024-07-05,ITC,405.84,410.57,404.52,410.24,12930000.0
2024-07-08,ITC,411.66,420.55,410.24,419.65,20520000.0
2024-07-09,ITC,423.43,430.44,420.03,428.17,26470000.0
2024-07-10,ITC,429.21,430.77,422.39,427.08,11620000.0
2024-07-11,ITC,425.71,434.69,424.48,433.89,18830000.0
2024-07-12,ITC,433.89,438.24,431.24,434.27,18960000.0
2024-07-15,ITC,434.27,441.27,432.52,438.38,16250000.0
2024-07-16,ITC,438.43,441.55,436.49,440.42,13000000.0
2024-07-18,ITC,438.0,445.48,437.67,444.86,21090000.0
2024-07-19,ITC,445.57,453.52,444.06,448.93,24980000.0
2024-07-22,ITC,448.98,453.57,440.7,441.36,18070000.0
2024-07-23,ITC,441.36,470.55,441.22,465.63,54040000.0
2024-07-24,ITC,469.22,483.08,464.16,467.38,42070000.0
2024-07-25,ITC,463.55,469.22,458.48,463.5,17880000.0
2024-07-26,ITC,467.38,479.06,461.09,475.09,20740000.0
2024-07-29,ITC,478.21,478.87,467.38,469.27,12500000.0
2024-07-30,ITC,469.51,470.92,462.27,463.45,13380000.0
2024-07-31,ITC,465.86,471.07,464.02,468.61,11540000.0
2024-08-01,ITC,469.17,469.93,464.45,467.05,11670000.0
2024-08-02,ITC,458.63,472.49,458.63,462.7,21320000.0
2024-08-05,ITC,454.13,465.34,453.66,459.76,24090000.0
2024-08-06,ITC,460.0,465.15,457.92,460.05,13720000.0
2024-08-07,ITC,463.55,468.84,461.75,466.05,10900000.0
2024-08-08,ITC,467.33,471.11,465.91,468.04,20560000.0
2024-08-09,ITC,471.11,471.11,466.48,469.13,9200000.0
2024-08-12,ITC,465.44,473.01,465.44,467.9,9080000.0
2024-08-13,ITC,469.17,470.97,461.89,463.55,7760000.0
2024-08-14,ITC,465.39,472.06,463.45,465.63,9250000.0
2024-08-16,ITC,467.8,476.98,466.05,475.51,13140000.0
2024-08-19,ITC,477.5,481.8,472.63,474.38,10200000.0
2024-08-20,ITC,473.95,476.22,470.83,471.87,6630000.0
2024-08-21,ITC,473.01,481.52,472.11,478.11,8470000.0
2024-08-22,ITC,480.43,481.05,474.38,477.31,8359999.999999999
2024-08-23,ITC,477.78,479.58,472.96,478.49,7890000.0
2024-08-26,ITC,478.68,480.58,474.9,478.4,7830000.0
2024-08-27,ITC,480.15,480.2,473.01,473.57,7950000.0
2024-08-28,ITC,473.39,475.18,469.7,470.45,7780000.0
2024-08-29,ITC,471.11,480.29,470.5,477.83,18670000.0
2024-08-30,ITC,474.85,481.66,473.2,474.8,14950000.0
2024-09-02,ITC,476.79,485.21,476.13,482.51,15890000.0
2024-09-03,ITC,482.51,488.1,480.48,481.9,12020000.0
2024-09-04,ITC,473.01,482.51,472.96,479.01,8410000.0
2024-09-05,ITC,480.91,484.26,479.68,483.6,10900000.0
2024-09-06,ITC,484.36,484.36,470.31,474.61,13720000.0
2024-09-09,ITC,474.9,484.97,473.34,484.12,13740000.0
2024-09-10,ITC,484.26,487.2,481.28,485.87,10910000.0
2024-09-11,ITC,485.3,491.45,484.31,486.58,14920000.0
2024-09-12,ITC,487.29,492.4,481.1,491.45,18380000.0
2024-09-13,ITC,491.45,491.93,484.36,486.11,8830000.0
2024-09-16,ITC,488.05,489.09,482.18,483.51,7530000.0
2024-09-17,ITC,483.46,485.83,478.92,480.34,10490000.0
2024-09-18,ITC,480.43,484.74,477.83,479.96,5430000.0
2024-09-19,ITC,482.47,487.01,480.1,480.81,13930000.0
2024-09-20,ITC,484.36,489.42,480.58,486.63,23810000.0
2024-09-23,ITC,487.62,491.41,485.87,489.04,7800000.0
2024-09-24,ITC,489.09,489.85,486.39,487.43,6760000.0
2024-09-25,ITC,487.67,491.27,484.64,489.61,8480000.0
2024-09-26,ITC,489.7,495.47,489.09,494.53,15490000.0
2024-09-27,ITC,492.16,499.97,492.16,494.48,17250000.0
2024-09-30,ITC,492.49,496.04,486.3,490.18,10530000.0
2024-10-01,ITC,490.18,491.69,486.25,488.33,5090000.0
2024-10-03,ITC,481.1,487.86,480.67,485.07,15870000.0
2024-10-04,ITC,482.47,489.42,474.47,476.36,18230000.0
2024-10-07,ITC,479.63,487.15,479.39,482.66,16480000.0
2024-10-08,ITC,482.47,484.88,478.68,480.53,9500000.0
2024-10-09,ITC,482.28,482.28,464.07,465.15,23950000.0
2024-10-10,ITC,468.61,468.89,463.03,465.49,12800000.0
2024-10-11,ITC,466.38,467.28,461.09,461.84,14390000.0
2024-10-14,ITC,464.49,472.06,462.27,470.12,6710000.0
2024-10-15,ITC,471.11,472.44,467.8,471.64,8039999.999999999
2024-10-16,ITC,469.22,471.92,465.77,466.57,6680000.0
2024-10-17,ITC,468.28,468.28,461.65,462.51,7390000.0
2024-10-18,ITC,462.36,465.01,452.57,460.42,21780000.0
2024-10-21,ITC,460.42,461.28,451.58,457.54,7400000.0
2024-10-22,ITC,457.54,462.03,454.84,455.79,12300000.0
2024-10-23,ITC,455.03,457.21,453.61,454.42,10160000.0
2024-10-24,ITC,455.98,456.36,444.63,446.23,13090000.0
2024-10-25,ITC,450.11,466.86,448.6,456.26,30960000.0
2024-10-28,ITC,455.93,459.67,450.3,458.01,8610000.0
2024-10-29,ITC,458.82,462.79,455.32,461.61,6870000.0
2024-10-30,ITC,461.61,466.62,460.23,465.01,6390000.0
2024-10-31,ITC,465.44,466.38,458.53,462.41,7810000.0
2024-11-01,ITC,464.49,465.53,462.88,463.83,1460000.0
2024-11-04,ITC,466.81,466.81,453.66,458.44,8430000.0
2024-11-05,ITC,456.88,458.86,451.2,454.27,7330000.0
2024-11-06,ITC,454.27,458.25,452.19,455.13,11310000.0
2024-11-07,ITC,455.74,456.64,450.4,452.1,8920000.0
2024-11-08,ITC,452.1,454.75,448.98,452.24,6090000.0
2024-11-11,ITC,452.24,455.51,448.51,451.2,5490000.0
2024-11-12,ITC,451.82,452.15,445.71,447.32,5040000.0
2024-11-13,ITC,444.67,449.07,442.97,446.71,11120000.0
2024-11-14,ITC,445.76,447.42,437.3,440.8,11640000.0
2024-11-18,ITC,440.84,442.55,437.06,441.36,8140000.000000001
2024-11-19,ITC,442.73,448.17,441.08,442.12,6860000.0
2024-11-21,ITC,436.11,439.0,430.81,432.47,19560000.0
2024-11-22,ITC,431.57,450.77,430.91,449.02,19460000.0
2024-11-25,ITC,453.14,456.17,446.9,451.06,13890000.0
2024-11-26,ITC,454.09,456.59,448.51,451.25,6540000.0
2024-11-27,ITC,451.72,454.18,447.46,451.2,7070000.0
2024-11-28,ITC,451.25,457.68,445.15,449.26,14410000.0
2024-11-29,ITC,447.65,453.05,447.09,451.01,8350000.0
2024-12-02,ITC,450.3,453.42,447.84,451.44,5480000.0
2024-12-03,ITC,440.84,447.84,437.77,447.04,22220000.0
2024-12-04,ITC,448.79,452.38,441.22,441.88,13440000.0
2024-12-05,ITC,442.31,447.23,437.53,442.26,26420000.0
2024-12-06,ITC,444.63,449.31,442.45,445.71,7550000.0
2024-12-09,ITC,446.05,446.52,437.96,439.85,11700000.0
2024-12-10,ITC,440.23,441.27,437.63,440.32,8820000.0
2024-12-11,ITC,441.98,442.92,439.61,440.13,6750000.0
2024-12-12,ITC,440.37,442.64,434.36,435.73,12880000.0
2024-12-13,ITC,435.17,448.79,427.27,444.63,31750000.0
2024-12-16,ITC,444.86,448.79,442.73,444.72,9010000.0
2024-12-17,ITC,444.63,450.11,438.05,444.2,19840000.0
2024-12-18,ITC,447.18,448.22,441.69,445.1,12370000.0
2024-12-19,ITC,443.68,448.74,440.18,441.36,14600000.0
2024-12-20,ITC,441.32,442.21,434.5,439.57,19480000.0
2024-12-23,ITC,445.76,451.91,442.36,448.65,18840000.0
2024-12-24,ITC,449.26,454.32,447.13,452.62,11560000.0
2024-12-26,ITC,454.61,455.84,450.3,451.2,8850000.0
2024-12-27,ITC,453.85,455.88,450.3,452.76,16280000.000000002
2024-12-30,ITC,454.8,455.46,450.3,451.25,13070000.0
2024-12-31,ITC,452.62,458.48,448.93,457.54,13280000.0
2025-01-01,ITC,459.76,460.57,456.12,457.82,18230000.0
2025-01-02,ITC,459.15,463.55,456.26,462.65,26120000.0
2025-01-03,ITC,463.78,464.49,453.94,455.6,37070000.0
2025-01-06,ITC,455.6,461.75,441.25,442.65,22010000.0
2025-01-07,ITC,445.5,447.6,440.15,441.1,14290000.0
2025-01-08,ITC,443.0,452.05,437.1,449.55,13480000.0
2025-01-09,ITC,449.4,460.65,446.05,450.1,19730000.0
2025-01-10,ITC,449.95,452.0,442.5,444.9,9150000.0
2025-01-13,ITC,435.0,444.0,435.0,439.05,17800000.0
2025-01-14,ITC,441.0,441.5,435.85,436.6,18050000.0
2025-01-15,ITC,436.6,441.8,435.35,437.35,9790000.0
2025-01-16,ITC,438.05,439.45,431.1,432.85,15770000.0
2025-01-17,ITC,433.0,441.8,432.5,440.2,11270000.0
2025-01-20,ITC,439.0,441.2,436.0,437.7,8740000.0
2025-01-21,ITC,438.0,447.0,435.25,437.55,15690000.0
2025-01-22,ITC,439.9,441.95,436.55,437.0,9620000.0
2025-01-23,ITC,435.0,441.85,434.1,440.2,8890000.0
2025-01-24,ITC,439.4,445.0,439.05,441.6,9670000.0
2025-01-27,ITC,440.8,445.0,436.55,440.1,10480000.0
2025-01-28,ITC,440.0,441.8,434.5,435.45,20810000.0
2025-01-29,ITC,435.95,437.5,430.1,433.35,15160000.0
2025-01-30,ITC,433.0,438.0,431.45,436.2,22500000.0
2025-01-31,ITC,436.5,448.2,435.1,447.5,13550000.0
2025-02-01,ITC,448.0,471.5,439.55,462.55,30390000.0
2025-02-03,ITC,462.0,465.2,452.3,454.35,16990000.0
2025-02-04,ITC,458.0,460.35,448.75,455.15,18920000.0
2025-02-05,ITC,455.15,455.85,446.5,448.15,12840000.0
2025-02-06,ITC,450.0,450.0,438.2,441.1,17470000.0
2025-02-07,ITC,440.0,445.5,428.4,430.85,18880000.0
2025-02-10,ITC,427.0,433.3,426.5,427.2,12230000.0
2025-02-11,ITC,428.8,430.55,417.5,418.3,14290000.0
2025-02-12,ITC,413.15,413.8,407.6,409.9,13880000.0
2025-02-13,ITC,409.95,413.95,409.0,409.7,12990000.0
2025-02-14,ITC,411.75,416.2,408.4,410.25,14120000.0
2025-02-17,ITC,409.8,411.4,406.75,408.6,11980000.0
2025-02-18,ITC,408.0,410.85,404.0,405.25,13000000.0
2025-02-19,ITC,404.8,408.8,404.5,406.4,7080000.0
2025-02-20,ITC,399.95,403.9,396.2,402.05,15360000.0
2025-02-21,ITC,402.05,403.25,399.2,400.9,8240000.0
2025-02-24,ITC,400.0,403.4,398.75,401.9,7040000.0
2025-02-25,ITC,402.0,407.0,400.5,404.85,15760000.0
2025-02-27,ITC,404.85,406.5,399.5,401.6,19050000.0
2025-02-28,ITC,399.0,402.5,392.2,395.0,31950000.0
2025-03-03,ITC,395.95,399.0,391.2,397.45,10700000.0
2025-03-04,ITC,395.4,397.2,392.85,394.85,13400000.0
2025-03-05,ITC,394.5,412.75,394.5,405.05,15670000.0
2025-03-06,ITC,409.15,409.7,400.55,405.7,17870000.0
2025-03-07,ITC,403.55,405.85,401.7,403.9,11180000.0
2025-03-10,ITC,401.05,406.85,400.4,405.0,9790000.0
2025-03-11,ITC,401.5,408.4,401.2,406.2,11100000.0
2025-03-12,ITC,406.4,413.3,404.0,412.4,13840000.0
2025-03-13,ITC,413.0,414.4,408.2,412.05,8199999.999999999
2025-03-17,ITC,413.0,416.25,407.0,407.95,5260000.0
2025-03-18,ITC,410.0,411.95,407.75,409.1,13860000.0
2025-03-19,ITC,410.0,410.75,402.6,403.05,12830000.0
2025-03-20,ITC,405.0,406.65,401.9,403.95,16990000.0
2025-03-21,ITC,405.95,407.5,401.7,405.55,25300000.0
2025-03-24,ITC,407.0,412.85,405.6,410.9,14360000.0
2025-03-25,ITC,412.0,415.25,408.7,409.8,20340000.0
2025-03-26,ITC,410.3,411.2,406.25,407.35,13890000.0
2025-03-27,ITC,408.0,410.7,405.65,409.45,18640000.0
2025-03-28,ITC,410.9,415.6,408.15,409.75,12980000.0
2025-04-01,ITC,409.8,414.4,405.6,406.65,15210000.0
2025-04-02,ITC,407.05,410.0,406.05,409.05,8000000.0
2025-04-03,ITC,407.05,410.2,406.7,409.4,7060000.0
2025-04-04,ITC,407.5,412.8,404.5,409.7,18630000.0
2025-04-07,ITC,390.15,408.1,390.15,406.05,26760000.0
2025-04-08,ITC,411.9,415.8,407.25,412.55,18600000.0
2025-04-09,ITC,413.0,419.05,411.25,416.3,21790000.0
2025-04-11,ITC,420.0,422.45,417.0,421.55,8940000.0
2025-04-15,ITC,429.2,429.2,419.0,420.4,11690000.0
2025-04-16,ITC,418.0,426.05,418.0,424.45,13030000.0
2025-04-17,ITC,425.0,427.85,421.55,427.25,22410000.0
2025-04-21,ITC,428.05,429.1,421.5,422.85,27390000.0
2025-04-22,ITC,425.95,434.8,423.55,433.6,32030000.0
2025-04-23,ITC,436.2,437.45,428.85,430.85,19570000.0
2025-04-24,ITC,431.85,436.05,429.3,430.05,26060000.0
2025-04-25,ITC,430.05,432.7,423.3,427.8,22940000.0
2025-04-28,ITC,426.65,430.5,424.75,428.8,6290000.0
2025-04-29,ITC,428.9,429.6,425.0,426.0,11190000.0
2025-04-30,ITC,427.4,429.3,422.0,425.8,10030000.0
2025-05-02,ITC,424.1,431.5,424.1,430.25,12770000.0
2025-05-05,ITC,430.25,438.5,429.35,436.95,11530000.0
2025-05-06,ITC,437.5,439.65,433.0,435.55,15030000.0
2025-05-07,ITC,433.4,435.0,429.7,431.15,9710000.0
2025-05-08,ITC,429.0,431.5,423.55,430.6,19940000.0
2025-05-09,ITC,425.95,429.15,423.0,423.55,8230000.0
2025-05-12,ITC,429.5,436.2,428.15,435.5,8029999.999999999
2025-05-13,ITC,434.9,437.95,425.35,427.9,14980000.0
2025-05-14,ITC,427.1,431.85,425.9,429.1,9560000.0
2025-05-15,ITC,429.1,435.4,426.0,432.65,24260000.0
2025-05-16,ITC,434.9,436.2,432.1,435.7,16399999.999999998
2025-05-19,ITC,435.0,438.5,432.65,435.35,7540000.0
2025-05-20,ITC,437.0,440.8,432.9,434.9,9870000.0
2025-05-21,ITC,436.6,438.2,432.0,433.0,5780000.0
2025-05-22,ITC,433.0,433.0,422.9,426.1,19450000.0
2025-05-23,ITC,434.0,439.0,429.0,436.3,18540000.0
2025-05-26,ITC,438.25,443.55,436.75,442.9,13110000.0
2025-05-27,ITC,442.9,444.2,430.85,433.9,26990000.0
2025-05-28,ITC,417.7,422.6,413.0,420.2,431850000.0
2025-05-29,ITC,422.0,422.8,416.6,418.75,21480000.0
